MUNICIPIO,Y,X,W1,W2,N
Rio de Janeiro,0.592,0.0722891566,0.0758747215,0.0596507144,19671
São Paulo,0.635,0.046365706,0.0518261127,0.0296676333,18009
Belo Horizonte,0.622,0.0554913295,0.0610034208,0.0373944511,6920
Porto Alegre,0.589,0.0577190542,0.0626413388,0.0406015038,5752
São Bernardo do Campo,0.641,0.1141714793,0.1238325839,0.096213532,4502
Curitiba,0.632,0.0577421636,0.0620178957,0.0429141717,4243
Brasília,0.705,0.0856102004,0.0871886121,0.0813165537,3843
Recife,0.636,0.0576866764,0.0592763664,0.0514075887,3415
Fortaleza,0.679,0.0632235085,0.06375,0.060371517,2246
Goiânia,0.669,0.0550293189,0.059976247,0.0393996248,2217
Manaus,0.754,0.0471475719,0.0538415003,0.0213675214,2121
Belém,0.688,0.0375653828,0.0380062305,0.0361445783,2103
Florianópolis,0.626,0.0775234131,0.076446281,0.0787234043,1922
Salvador,0.668,0.0596696857,0.0642965204,0.0468468468,1877
Natal,0.663,0.044012945,0.0485347985,0.0309050773,1545
Campinas,0.622,0.0727396329,0.0758807588,0.0604395604,1471
Niterói,0.554,0.0775924583,0.0798076923,0.0678466077,1379
São Luís,0.721,0.0427574171,0.0443645084,0.0352564103,1146
Vitória,0.622,0.0660377358,0.0632111252,0.0706319703,1060
Campo Grande,0.665,0.0594159114,0.0610889774,0.05,993
Santos,0.533,0.0649202733,0.0725925926,0.0344827586,878
João Pessoa,0.665,0.0648899189,0.0715563506,0.0493421053,863
Guarulhos,0.684,0.0713305898,0.0721062619,0.0643564356,729
São José dos Campos,0.652,0.0753623188,0.0833333333,0.0459770115,690
Maceió,0.694,0.0354938272,0.0316455696,0.0402298851,648
Juiz de Fora,0.595,0.0917874396,0.0942184154,0.0779220779,621
Macapá,0.786,0.0429042904,0.0480349345,0.0202702703,606
Joinville,0.66,0.0645695364,0.0706638116,0.0364963504,604
Uberlândia,0.649,0.0581196581,0.0607375271,0.0483870968,585
Aracaju,0.685,0.0830388693,0.0784313725,0.0949367089,566
Vila Velha,0.638,0.0471014493,0.0515695067,0.0188679245,552
Teresina,0.701,0.0612244898,0.0695187166,0.0363636364,539
Duque de Caxias,0.657,0.0986964618,0.1103286385,0.045045045,537
Cuiabá,0.691,0.0510396975,0.0469135802,0.0564516129,529
Sorocaba,0.641,0.0843137255,0.0794871795,0.0916666667,510
Santo André,0.599,0.0511811024,0.0537084399,0.0341880342,508
Buenos Aires,0.687,0.0277227723,0.0269058296,0.0169491525,505
Ribeirão Preto,0.626,0.0321285141,0.0409836066,0.0075757576,498
São Gonçalo,0.617,0.1069958848,0.1161473088,0.0751879699,486
Londrina,0.621,0.0730688935,0.0642458101,0.0909090909,479
Guarujá,0.671,0.0798319328,0.0795454545,0.0725806452,476
Canoas,0.63,0.082278481,0.0748663102,0.1,474
Pelotas,0.588,0.0767590618,0.0756756757,0.0808080808,469
Maringá,0.614,0.0592105263,0.0661157025,0.0215053763,456
Petrópolis,0.592,0.0801886792,0.090625,0.0480769231,424
Peruíbe,0.616,0.0898345154,0.1023391813,0.037037037,423
Blumenau,0.642,0.0543735225,0.0584615385,0.0306122449,423
Contagem,0.665,0.0863309353,0.0925925926,0.0537634409,417
Caxias do Sul,0.636,0.0641975309,0.0550458716,0.1025641026,405
Palmas,0.781,0.0385604113,0.041958042,0.0194174757,389
Osasco,0.659,0.0620155039,0.0729927007,0.0265486726,387
Porto Velho,0.742,0.0594315245,0.0584415584,0.0506329114,387
Rio Branco,0.756,0.074270557,0.0805860806,0.0480769231,377
Cabo Frio,0.644,0.1027027027,0.0942760943,0.1232876712,370
Santiago,0.57,0.0328767123,0.0303951368,0.0277777778,365
Gravataí,0.642,0.115819209,0.124567474,0.0615384615,354
Serra,0.706,0.0796460177,0.0826771654,0.0588235294,339
Novo Hamburgo,0.621,0.1035502959,0.11328125,0.0609756098,338
Santa Maria,0.605,0.0801186944,0.0836363636,0.0483870968,337
Boa Vista,0.773,0.0595238095,0.0602836879,0.037037037,336
Volta Redonda,0.593,0.0900900901,0.1056603774,0.0147058824,333
Ipatinga,0.656,0.1060606061,0.0912698413,0.1538461538,330
Criciúma,0.64,0.0729483283,0.0798479087,0.0303030303,329
Olinda,0.64,0.0495356037,0.0538116592,0.03,323
Nova Iguaçu,0.651,0.0809968847,0.0941176471,0.0151515152,321
Campina Grande,0.671,0.0632911392,0.0681818182,0.0416666667,316
Balneário Camboriú,0.626,0.0357142857,0.0401606426,0.0169491525,308
Jundiaí,0.607,0.06271777,0.0636363636,0.0597014925,287
Mossoró,0.686,0.0411985019,0.0429447853,0.0288461538,267
Macaé,0.693,0.0898876404,0.0814479638,0.1086956522,267
São José do Rio Preto,0.596,0.0581395349,0.0571428571,0.0625,258
Bauru,0.616,0.0859375,0.0864864865,0.0704225352,256
Foz do Iguaçu,0.687,0.0763052209,0.07960199,0.0416666667,249
Mogi das Cruzes,0.656,0.0728744939,0.056122449,0.1176470588,247
Anápolis,0.665,0.0617283951,0.0732984293,0,243
Piracicaba,0.625,0.0622406639,0.0529100529,0.0769230769,241
Rio das Ostras,0.674,0.0759493671,0.0789473684,0.0425531915,237
Montes Claros,0.692,0.063559322,0.0621761658,0.0465116279,236
Divinópolis,0.624,0.0745614035,0.08,0.0566037736,228
Angra dos Reis,0.68,0.0807174888,0.0852272727,0.0425531915,223
Praia Grande,0.641,0.1,0.0949367089,0.0967741935,220
Poço Fundo,0.577,0.0913242009,0.1,0.0508474576,219
São Leopoldo,0.641,0.0917431193,0.0628571429,0.1860465116,218
Cascavel,0.672,0.069124424,0.0598802395,0.08,217
Barueri,0.697,0.0845070423,0.064516129,0.1206896552,213
Passo Fundo,0.632,0.0947867299,0.0864197531,0.1020408163,211
Ponta Grossa,0.664,0.0574162679,0.0535714286,0.0487804878,209
Americana,0.598,0.0931372549,0.1118012422,0.023255814,204
Taubaté,0.636,0.0746268657,0.0791366906,0.0483870968,201
São Caetano do Sul,0.523,0.076142132,0.0785714286,0.0526315789,197
Ribeirão Pires,0.632,0.1224489796,0.1290322581,0.0972222222,196
Betim,0.704,0.103626943,0.0872483221,0.1590909091,193
Feira de Santana,0.703,0.0680628272,0.0775193798,0.0322580645,191
Queimados,0.677,0.1526315789,0.1838235294,0.0555555556,190
Ouro Branco,0.668,0.0684210526,0.0533333333,0.1,190
Governador Valadares,0.648,0.0947368421,0.0784313725,0.1621621622,190
Diadema,0.689,0.0846560847,0.0704225352,0.1063829787,189
Chapecó,0.685,0.0698924731,0.0728476821,0.0285714286,186
Nova Friburgo,0.585,0.1032608696,0.1096774194,0.0689655172,184
Gramado,0.615,0.0546448087,0.0536912752,0.0294117647,183
Cachoeirinha,0.632,0.0965909091,0.0965517241,0.064516129,176
Cariacica,0.681,0.1206896552,0.1287878788,0.0714285714,174
Marília,0.607,0.0348837209,0.0236220472,0.0444444444,172
Viamão,0.642,0.081871345,0.0955882353,0.0285714286,171
São Carlos,0.615,0.0588235294,0.0620155039,0.0243902439,170
Caruaru,0.694,0.0473372781,0.045112782,0.0277777778,169
Araruama,0.614,0.119047619,0.1343283582,0.0294117647,168
Presidente Prudente,0.602,0.0898203593,0.081300813,0.1136363636,167
Vitória da Conquista,0.691,0.0903614458,0.1074380165,0.0222222222,166
Mesquita,0.628,0.1575757576,0.1639344262,0.1162790698,165
Jaboatão dos Guararapes,0.677,0.0975609756,0.0707964602,0.137254902,164
Itajaí,0.67,0.0670731707,0.0731707317,0.0487804878,164
Viana,0.701,0.1234567901,0.0973451327,0.1632653061,162
Lages,0.642,0.0891719745,0.0916666667,0.0540540541,157
São José dos Pinhais,0.7,0.0451612903,0.0325203252,0.0625,155
Limeira,0.624,0.0844155844,0.0655737705,0.125,154
Ananindeua,0.73,0.0784313725,0.0642201835,0.1136363636,153
Santarém,0.752,0.0397350993,0.0333333333,0.0322580645,151
Uberaba,0.618,0.04,0.0446428571,0.0263157895,150
Paranaguá,0.682,0.0872483221,0.0892857143,0.0540540541,149
São Vicente,0.645,0.075862069,0.0720720721,0.0588235294,145
Araçatuba,0.584,0.0492957746,0.0454545455,0.03125,142
Jaraguá do Sul,0.682,0.0780141844,0.0900900901,0,141
Atibaia,0.627,0.085106383,0.0892857143,0.0344827586,141
Palhoça,0.685,0.0785714286,0.0660377358,0.0882352941,140
Indaiatuba,0.649,0.0575539568,0.0384615385,0.0857142857,139
Aparecida de Goiânia,0.735,0.0863309353,0.1,0.0256410256,139
Dourados,0.682,0.0294117647,0.0384615385,0,136
Alvorada,0.676,0.1085271318,0.1224489796,0.0322580645,129
Mauá,0.679,0.0625,0.0786516854,0,128
Parnaíba,0.692,0.0573770492,0.0430107527,0.0689655172,122
Araraquara,0.598,0.0409836066,0.0333333333,0.03125,122
Nova Lima,0.637,0.0743801653,0.0813953488,0.0285714286,121
Guarapuava,0.671,0.075,0.0666666667,0.1333333333,120
Jacareí,0.636,0.0924369748,0.0879120879,0.0714285714,119
São João de Meriti,0.633,0.1680672269,0.1666666667,0.1304347826,119
Sete Lagoas,0.651,0.025210084,0.0217391304,0,119
Parnamirim,0.706,0.1025641026,0.095890411,0.0909090909,117
Marabá,0.78,0.0683760684,0.0638297872,0.0434782609,117
Bento Gonçalves,0.601,0.0854700855,0.0714285714,0.1052631579,117
Brusque,0.657,0.0689655172,0.0659340659,0.04,116
Barra Mansa,0.61,0.0695652174,0.0652173913,0.0434782609,115
Uruguaiana,0.651,0.0964912281,0.0879120879,0.1304347826,114
Guarapari,0.654,0.0884955752,0.1058823529,0,113
Teresópolis,0.616,0.0990990991,0.0540540541,0.1621621622,111
Três Corações,0.652,0.0636363636,0.0705882353,0,110
Bragança Paulista,0.626,0.0454545455,0.0379746835,0.0322580645,110
Belford Roxo,0.667,0.1376146789,0.156626506,0.0384615385,109
São José,0.651,0.1111111111,0.1126760563,0.0810810811,108
Taboão da Serra,0.691,0.0654205607,0.0410958904,0.0882352941,107
Itu,0.65,0.0943396226,0.1,0,106
Nilópolis,0.602,0.0952380952,0.0972222222,0.0606060606,105
Ubatuba,0.668,0.1238095238,0.1298701299,0.1071428571,105
Valinhos,0.604,0.0666666667,0.0602409639,0.0454545455,105
Santa Cruz do Sul,0.596,0.0288461538,0.0126582278,0.04,104
Franca,0.637,0.0582524272,0.049382716,0.0454545455,103
Suzano,0.679,0.0490196078,0.0405405405,0.0357142857,102
Maricá,0.599,0.068627451,0.0789473684,0.0384615385,102
Poços de Caldas,0.609,0.0594059406,0.0563380282,0.0666666667,101
Itaguaí,0.67,0.1,0.0574712644,0.3076923077,100
Tubarão,0.601,0.1212121212,0.1449275362,0.0666666667,99
Petrolina,0.747,0.0606060606,0.0327868852,0.0789473684,99
Rio Claro,0.613,0.0606060606,0.0649350649,0,99
Campos dos Goytacazes,0.639,0.0714285714,0.0684931507,0.04,98
Magé,0.655,0.0918367347,0.0921052632,0.0909090909,98
Goiás,0.601,0.0515463918,0.0540540541,0,97
Itaboraí,0.65,0.1354166667,0.0987654321,0.2666666667,96
Erechim,0.617,0.1145833333,0.0779220779,0.2105263158,96
Cotia,0.683,0.0729166667,0.0506329114,0.1176470588,96
Bagé,0.6,0.0549450549,0.0422535211,0.05,91
Guaíba,0.628,0.043956044,0.0379746835,0,91
Juazeiro do Norte,0.711,0.0659340659,0.0166666667,0.1290322581,91
Patos de Minas,0.618,0.0681818182,0.0547945205,0.0666666667,88
Esteio,0.613,0.1034482759,0.1212121212,0,87
Viçosa,0.638,0.1034482759,0.0869565217,0.1666666667,87
Caraguatatuba,0.654,0.0930232558,0.0535714286,0.1333333333,86
Torres,0.589,0.0697674419,0.0454545455,0.1,86
Barra do Piraí,0.596,0.0476190476,0.0422535211,0,84
Resende,0.639,0.0357142857,0.0317460317,0,84
Imperatriz,0.728,0.0602409639,0.0793650794,0,83
Itapetininga,0.657,0.1219512195,0.1230769231,0.0588235294,82
Carapicuíba,0.692,0.0731707317,0.0508474576,0.1304347826,82
Varginha,0.635,0.049382716,0.0344827586,0.0434782609,81
Rondonópolis,0.695,0.0740740741,0.0634920635,0.0555555556,81
Capão da Canoa,0.647,0.125,0.1272727273,0.08,80
Itaubal,0.803,0.1125,0.125,0.0625,80
São Borja,0.605,0.1625,0.1875,0,80
Itabuna,0.663,0.1265822785,0.1,0.1379310345,79
Coronel Fabriciano,0.645,0.0769230769,0.0655737705,0.0588235294,78
Ouro Preto,0.645,0.0649350649,0.0526315789,0.05,77
Porto,0.755,0.0533333333,0.037037037,0.0476190476,75
Araras,0.618,0.08,0.0689655172,0.0588235294,75
Pato Branco,0.651,0.0540540541,0.0317460317,0.0909090909,74
Lauro de Freitas,0.709,0.1081081081,0.1428571429,0.04,74
Cubatão,0.684,0.0416666667,0.0408163265,0,72
Santa Terezinha de Itaipu,0.659,0.1549295775,0.16,0.0952380952,71
Ilhéus,0.674,0.0704225352,0.06,0.0476190476,71
Lajeado,0.624,0.0857142857,0.0847457627,0.0909090909,70
São Pedro da Aldeia,0.648,0.1,0.0909090909,0.1333333333,70
Arraial do Cabo,0.605,0.1142857143,0.125,0,70
Salto,0.641,0.0285714286,0.0196078431,0,70
Lavras,0.619,0.0579710145,0.0555555556,0,69
Itapema,0.649,0.0869565217,0.0819672131,0,69
Conselheiro Lafaiete,0.626,0.0869565217,0.1111111111,0,69
Santa Quitéria,0.673,0.1176470588,0.1153846154,0.0625,68
Linhares,0.7,0.0441176471,0.0408163265,0,68
Assis,0.598,0.1029411765,0.0784313725,0.1176470588,68
Garanhuns,0.693,0.1029411765,0.1276595745,0,68
Carazinho,0.599,0.0746268657,0.0526315789,0.1,67
Santa Luzia,0.692,0.0895522388,0.1086956522,0.0476190476,67
São José do Cerrito,0.579,0.0757575758,0.0740740741,0,66
Toledo,0.65,0.0757575758,0.0566037736,0.0769230769,66
Osório,0.609,0.1060606061,0.0769230769,0.1428571429,66
Santana de Parnaíba,0.68,0.1212121212,0.0512820513,0.1851851852,66
São Mateus,0.693,0.0757575758,0.0925925926,0,66
Camaçari,0.742,0.1515151515,0.0714285714,0.25,66
Timóteo,0.632,0.1538461538,0.170212766,0.0555555556,65
Ilhota,0.663,0.1076923077,0.0652173913,0.1578947368,65
Armação dos Búzios,0.665,0.0769230769,0.0425531915,0.1111111111,65
Paulista,0.655,0.1230769231,0.1304347826,0.1052631579,65
Itaperuna,0.602,0.0769230769,0.0754716981,0,65
Araranguá,0.644,0.109375,0.1020408163,0.0666666667,64
Pouso Alegre,0.638,0.09375,0.1041666667,0.0625,64
Santa Rosa,0.611,0.125,0.1020408163,0.1333333333,64
Teófilo Otoni,0.648,0.1111111111,0.1020408163,0.0714285714,63
Cachoeiro de Itapemirim,0.641,0.0793650794,0.0714285714,0,63
Itajubá,0.619,0.0483870968,0.0465116279,0,62
Itaquaquecetuba,0.723,0.1147540984,0.1,0.0952380952,61
Itabira,0.645,0.1147540984,0.0925925926,0.1428571429,61
Embu,0.714,0.0983606557,0.1111111111,0,61
Barretos,0.609,0.1166666667,0.0952380952,0.1111111111,60
Sumaré,0.684,0.1,0.1086956522,0,60
Abreu e Lima,0.67,0.0677966102,0,0.1363636364,59
Ijuí,0.591,0.0847457627,0.0666666667,0.0714285714,59
Santa Bárbara d'Oeste,0.624,0.0862068966,0.0697674419,0.1333333333,58
Santa Maria da Boa Vista,0.754,0.0689655172,0.0545454545,0,58
Ourinhos,0.613,0.0862068966,0.1052631579,0.05,58
Rio do Sul,0.642,0.1403508772,0.1176470588,0.1666666667,57
Francisco Beltrão,0.648,0.1228070175,0.14,0,57
Colatina,0.626,0.0877192982,0.0714285714,0.0666666667,57
Barbacena,0.605,0.1052631579,0.0681818182,0.1538461538,57
Maracanaú,0.719,0.0877192982,0.0975609756,0,57
Parauapebas,0.817,0.0526315789,0.0238095238,0.0666666667,57
Paulínia,0.671,0.1607142857,0.170212766,0,56
Araxá,0.626,0.0535714286,0.0222222222,0.0909090909,56
Botucatu,0.62,0.0535714286,0.0681818182,0,56
Cabo de Santo Agostinho,0.71,0.0535714286,0.0526315789,0,56
Muriaé,0.617,0.0535714286,0.0666666667,0,56
Sobral,0.727,0.0357142857,0.0454545455,0,56
Valença,0.588,0.1818181818,0.1428571429,0.3076923077,55
Alexandria,0.631,0.0909090909,0.0869565217,0,55
Saquarema,0.617,0.0545454545,0.0476190476,0,55
Poá,0.673,0.0545454545,0,0.1333333333,55
Caçapava,0.64,0.1296296296,0.1395348837,0,54
Colombo,0.706,0.1296296296,0.1219512195,0.0769230769,54
Sapiranga,0.664,0.1481481481,0.152173913,0,54
Três Lagoas,0.671,0.0555555556,0.05,0.0714285714,54
Umuarama,0.623,0.0740740741,0.04,0.25,54
Camaquã,0.604,0.1296296296,0.125,0.1666666667,54
Três Rios,0.611,0.0943396226,0.075,0.0769230769,53
Sabará,0.67,0.1132075472,0.1219512195,0,53
Hortolândia,0.692,0.0566037736,0.0476190476,0,53
Farroupilha,0.618,0.0754716981,0.0666666667,0,53
Santa Cruz,0.697,0.0566037736,0.075,0,53
Navegantes,0.681,0.1153846154,0.1111111111,0.0625,52
Lorena,0.627,0.0961538462,0.0857142857,0.0588235294,52
Lins,0.598,0.0384615385,0.0263157895,0,52
Jaú,0.616,0.0384615385,0.0285714286,0,52
Birigui,0.611,0.1153846154,0.1428571429,0,52
João Monlevade,0.61,0.0192307692,0,0.1666666667,52
Arapiraca,0.711,0.0576923077,0.0294117647,0.0555555556,52
Várzea Grande,0.72,0.0784313725,0.0588235294,0.0588235294,51
Valparaíso de Goiás,0.763,0.0588235294,0.0555555556,0,51
Caicó,0.641,0.0392156863,0.0333333333,0,51
Sinop,0.73,0.0980392157,0.075,0.0909090909,51
Campo Mourão,0.635,0.0588235294,0.0512820513,0,51
Içara,0.647,0.1,0.1081081081,0.0769230769,50
Avaré,0.63,0.06,0.0263157895,0.0833333333,50
Imbituba,0.598,0.04,0.0243902439,0,50
Santo Ângelo,0.599,0.1,0.0731707317,0.1111111111,50
Santa Rita,0.7,0.16,0.0740740741,0.2173913043,50
Itumbiara,0.626,0.04,0.0243902439,0,50
Mogi Guaçu,0.625,0.08,0.0714285714,0,50
Lagoa Santa,0.646,0.02,0,0,50
Vacaria,0.619,0.0816326531,0.0697674419,0,49
Ribeirão das Neves,0.713,0.0816326531,0.0540540541,0.1666666667,49
Pindamonhangaba,0.654,0.0816326531,0.0857142857,0,49
Alegrete,0.583,0.0816326531,0.0714285714,0,49
Penha,0.629,0.1020408163,0.0571428571,0.1428571429,49
Itanhaém,0.613,0.1428571429,0.2068965517,0.05,49
Vinhedo,0.626,0.0612244898,0.0512820513,0,49
Itatiba,0.637,0.1875,0.1578947368,0.2,48
Leme,0.658,0.0833333333,0.0789473684,0,48
Eldorado do Sul,0.662,0.2083333333,0.2093023256,0,48
Caieiras,0.674,0.1666666667,0.1081081081,0.2727272727,48
Santana,0.797,0.0833333333,0.0555555556,0.0833333333,48
São João del Rei,0.585,0.1041666667,0.1142857143,0,48
Itaúna,0.621,0.0625,0.0487804878,0,48
Arujá,0.677,0.085106383,0.0540540541,0.1,47
Araguaína,0.745,0.0425531915,0.027027027,0,47
Sapucaia do Sul,0.644,0.0434782609,0.0303030303,0,46
Montenegro,0.62,0.1086956522,0.0833333333,0.2,46
Tramandaí,0.61,0.1086956522,0.1212121212,0.0769230769,46
Bertioga,0.711,0.1333333333,0.0857142857,0.2,45
Ibitinga,0.623,0.1555555556,0.1315789474,0.1428571429,45
Vespasiano,0.71,0.0888888889,0.1,0,45
Ji-Paraná,0.709,0.0909090909,0.0882352941,0,44
Campos do Jordão,0.67,0.0909090909,0.0625,0.0833333333,44
Pinhais,0.684,0.1395348837,0.1379310345,0.1428571429,43
São João da Boa Vista,0.582,0.0465116279,0.0571428571,0,43
Alfenas,0.625,0.0465116279,0.0277777778,0,43
Sertãozinho,0.658,0.1627906977,0.1379310345,0.1428571429,43
Castanhal,0.749,0.1162790698,0.0857142857,0.25,43
Campo Bom,0.63,0.0697674419,0.0571428571,0,43
Tatuí,0.65,0.0465116279,0.0769230769,0,43
Araucária,0.703,0.0930232558,0.0857142857,0,43
Ilhabela,0.697,0.1428571429,0.1176470588,0.125,42
Cruzeiro,0.621,0.0714285714,0.0588235294,0,42
Curvelo,0.639,0.0714285714,0.0625,0,42
Paranavaí,0.609,0.0476190476,0.0322580645,0,42
Guaratinguetá,0.608,0.0714285714,0.0540540541,0,42
Congonhas,0.653,0.0714285714,0,0.1176470588,42
Barcelona,0.634,0.0238095238,0,0,42
Vila Rica,0.741,0.1219512195,0.0833333333,0.2,41
Diamantina,0.675,0.1219512195,0.0689655172,0.1666666667,41
Videira,0.66,0.0731707317,0.0588235294,0,41
São Lourenço,0.592,0.225,0.2307692308,0.1428571429,40
Vilhena,0.722,0.125,0.0909090909,0.1428571429,40
Parintins,0.783,0.05,0.0344827586,0,40
Itapevi,0.726,0.0512820513,0.0285714286,0,39
Caucaia,0.724,0.0769230769,0,0.125,39
Luziânia,0.747,0.0769230769,0,0.1538461538,39
Jaguariúna,0.659,0.0256410256,0,0,39
Catanduva,0.584,0.1282051282,0.0909090909,0.1666666667,39
Marau,0.639,0.0769230769,0.1034482759,0,39
Barra do Garças,0.673,0.1052631579,0.1034482759,0.1111111111,38
Apucarana,0.625,0.1052631579,0.0625,0.1666666667,38
Patos,0.685,0.0526315789,0.0416666667,0.0714285714,38
Vassouras,0.613,0.1621621622,0.1785714286,0,37
Rio Grande,0.605,0.1081081081,0.1153846154,0,37
Jaguarão,0.566,0.1621621622,0.09375,0.4,37
São Lourenço da Mata,0.694,0.1081081081,0.0454545455,0.1333333333,37
Tucuruí,0.783,0.0810810811,0.064516129,0,37
Joaçaba,0.612,0.1081081081,0.1379310345,0,37
Crato,0.692,0.0540540541,0.0333333333,0,37
Panambi,0.637,0.0833333333,0.0714285714,0,36
Corumbá,0.699,0.0277777778,0,0,36
Passos,0.621,0.0555555556,0.0357142857,0,36
Cosmópolis,0.671,0.2222222222,0.2258064516,0,36
Pirassununga,0.599,0.1388888889,0.1111111111,0.1111111111,36
Ibirité,0.718,0.0571428571,0,0.0769230769,35
Porto Seguro,0.764,0.0571428571,0,0.0714285714,35
Taquara,0.609,0.0571428571,0.04,0,35
Jandira,0.71,0.1714285714,0.125,0.1818181818,35
Laguna,0.585,0.1142857143,0.0967741935,0,35
Votorantim,0.668,0.1142857143,0.1428571429,0,35
União da Vitória,0.651,0.0882352941,0.0384615385,0.125,34
São Francisco do Sul,0.632,0.1176470588,0.0769230769,0.125,34
São Sebastião,0.693,0.2352941176,0.1578947368,0.2666666667,34
Paracambi,0.603,0.0588235294,0.0357142857,0,34
Catalão,0.663,0.0294117647,0,0,34
Santa Teresa,0.602,0.1470588235,0.1153846154,0.25,34
Valparaíso,0.667,0.0882352941,0.0322580645,0.3333333333,34
Mariana,0.683,0.1176470588,0.1363636364,0,34
Biguaçu,0.673,0.0882352941,0.064516129,0,34
Ponte Nova,0.611,0.1176470588,0.16,0,34
Caçador,0.673,0.0303030303,0.04,0,33
Ponta Porã,0.707,0.1212121212,0.064516129,0.5,33
Itabirito,0.648,0.0606060606,0,0.1428571429,33
Itapeva,0.67,0.0606060606,0.0384615385,0,33
Itararé,0.652,0.1212121212,0.0909090909,0.0909090909,33
Rio Bonito,0.632,0.0606060606,0.0416666667,0,33
Cianorte,0.633,0.0606060606,0.037037037,0,33
Cachoeira do Sul,0.553,0.0303030303,0,0,33
Faro,0.781,0.125,0.0869565217,0.1111111111,32
Jequié,0.675,0.0625,0,0.0833333333,32
Itapecerica da Serra,0.709,0.09375,0.0454545455,0.1,32
Matinhos,0.621,0.125,0.0476190476,0.1818181818,32
Garibaldi,0.582,0.1875,0.1481481481,0.2,32
Panamá,0.579,0.09375,0.0740740741,0,32
Barreiras,0.748,0.125,0.0909090909,0.1,32
Amparo,0.597,0.125,0.1111111111,0,32
Sombrio,0.659,0.0625,0.037037037,0,32
Nova Odessa,0.632,0.1612903226,0.2,0,31
Garopaba,0.627,0.1935483871,0.0476190476,0.4,31
Taguatinga,0.696,0.0967741935,0.0434782609,0.125,31
Franco da Rocha,0.705,0.0322580645,0.0416666667,0,31
Votuporanga,0.582,0.1290322581,0.125,0,31
Indaial,0.666,0.1290322581,0.1071428571,0,31
Santa Isabel,0.65,0.064516129,0.0416666667,0,31
Guarabira,0.679,0.0322580645,0,0,31
Arapongas,0.632,0.1666666667,0.0833333333,0.3333333333,30
Sarandi,0.669,0.1333333333,0.08,0.2,30
Ferraz de Vasconcelos,0.704,0.0666666667,0.04,0.2,30
Mongaguá,0.612,0.0666666667,0.0555555556,0,30
Registro,0.65,0.0333333333,0,0,30
Patrocínio Paulista,0.642,0.1034482759,0,0.1818181818,29
Coimbra,0.596,0.1034482759,0.0416666667,0.2,29
Camaragibe,0.676,0.1379310345,0.1428571429,0,29
Pontal do Paraná,0.603,0.0689655172,0,0.125,29
Anchieta,0.661,0.0344827586,0,0,29
Caldas Novas,0.684,0.0344827586,0,0,29
Paraíba do Sul,0.606,0.1379310345,0.1578947368,0.1,29
Serra Negra,0.567,0.1724137931,0.0952380952,0.25,29
Maracanã,0.731,0.1379310345,0.1153846154,0,29
São Bento do Sul,0.674,0.1034482759,0.0476190476,0.125,29
Cruz Alta,0.6,0.0344827586,0,0,29
São Gabriel,0.587,0.0714285714,0,0.1666666667,28
Caxias,0.714,0.1071428571,0.0526315789,0.1111111111,28
Cajamar,0.715,0.1071428571,0,0.3333333333,28
Campo Largo,0.666,0.1785714286,0.1052631579,0.2222222222,28
Sobradinho,0.709,0.1071428571,0.0909090909,0,28
Parobé,0.674,0.0714285714,0.0454545455,0,28
Santos Dumont,0.592,0.1785714286,0.1666666667,0,28
São Sebastião do Paraíso,0.622,0.0714285714,0.0555555556,0,28
Picos,0.685,0.0714285714,0.0526315789,0,28
Urussanga,0.581,0.1785714286,0.2,0.125,28
Lençóis Paulista,0.648,0.1111111111,0.0833333333,0.3333333333,27
Teixeira de Freitas,0.708,0.1481481481,0.1764705882,0,27
Iguape,0.606,0.1111111111,0.0869565217,0.25,27
Charqueadas,0.65,0.1111111111,0.0416666667,0.3333333333,27
Canela,0.652,0.2222222222,0.2,0,27
Juazeiro,0.729,0.1481481481,0.1,0.1428571429,27
Guaxupé,0.604,0.1111111111,0.0588235294,0.1,27
Marataízes,0.65,0.1851851852,0.1739130435,0,27
Pará de Minas,0.648,0.0740740741,0,0.125,27
Unaí,0.675,0.0769230769,0.0476190476,0,26
Goiatuba,0.627,0.1923076923,0.2173913043,0,26
Aparecida,0.621,0.1153846154,0.125,0,26
Portão,0.641,0.1923076923,0.1739130435,0,26
Patrocínio,0.653,0.0769230769,0.1111111111,0,26
Gaspar,0.66,0.0769230769,0.0526315789,0,26
Seropédica,0.658,0.2307692308,0.15,0.3333333333,26
Francisco Morato,0.722,0.1153846154,0.05,0.1666666667,26
Gravatá,0.676,0.12,0.0714285714,0.0909090909,25
Barra Velha,0.627,0.16,0.1052631579,0.1666666667,25
Ituiutaba,0.6,0.16,0.1578947368,0.1666666667,25
Cruzeiro do Sul,0.799,0.12,0.125,0,25
Lucas do Rio Verde,0.781,0.12,0.0869565217,0,25
Piedade,0.632,0.12,0.1428571429,0,25
Ariquemes,0.73,0.04,0,0,25
Cataguases,0.584,0.12,0.1111111111,0,25
Planaltina,0.761,0.12,0.0526315789,0.1666666667,25
Candelária,0.577,0.12,0.2,0,25
Marmelópolis,0.604,0.0833333333,0.0454545455,0,24
Além Paraíba,0.591,0.1666666667,0.1428571429,0,24
São José do Rio Pardo,0.592,0.2083333333,0.2105263158,0,24
Canoinhas,0.651,0.0416666667,0,0,24
Nova Serrana,0.778,0.1666666667,0.1764705882,0,24
Irati,0.636,0.2083333333,0.1,0.5,24
Grajaú,0.777,0.0416666667,0,0,24
Cristalina,0.731,0.1666666667,0.0625,0.25,24
Iguaba Grande,0.577,0.1666666667,0.1363636364,0,24
Formiga,0.59,0.0833333333,0.0454545455,0,24
Sapucaia,0.607,0.125,0.1052631579,0,24
Guará,0.667,0.0833333333,0,0.3333333333,24
Timbó,0.621,0.125,0.1111111111,0,24
Santo Antônio da Patrulha,0.572,0.125,0.0909090909,0,24
Caratinga,0.645,0.0833333333,0.125,0,24
Iguatu,0.657,0.125,0.0769230769,0.0909090909,24
Olímpia,0.604,0.0869565217,0.0555555556,0,23
Embu-Guaçu,0.677,0.0434782609,0,0,23
Ubá,0.644,0.1739130435,0.0555555556,0.4,23
Lagarto,0.692,0.0869565217,0,0.0909090909,23
Miguel Pereira,0.562,0.0434782609,0,0,23
Igrejinha,0.651,0.1304347826,0.1428571429,0,23
Pedro Leopoldo,0.635,0.1304347826,0.1111111111,0,23
São Luiz Gonzaga,0.591,0.0869565217,0.1052631579,0,23
São Gonçalo do Amarante,0.727,0.1304347826,0.1666666667,0,23
Xangri-lá,0.658,0.1304347826,0,0.1818181818,23
Tijucas,0.662,0.0869565217,0.0588235294,0,23
Bayeux,0.702,0.0869565217,0.0588235294,0,23
Jaboticabal,0.61,0.0434782609,0,0,23
Bebedouro,0.608,0.0869565217,0.1111111111,0,23
Batatais,0.607,0.0869565217,0,0.1666666667,23
Medianeira,0.646,0.0869565217,0.05,0,23
Formosa,0.722,0.1363636364,0.1,0,22
Paulo Afonso,0.69,0.0909090909,0.0666666667,0,22
Sorriso,0.741,0.1363636364,0,1,22
Vitória de Santo Antão,0.683,0.1818181818,0.125,0.1666666667,22
São Lourenço do Sul,0.557,0.1818181818,0.1764705882,0,22
Concórdia,0.615,0.0909090909,0,0.5,22
Jales,0.565,0.0909090909,0.0526315789,0,22
Boituva,0.671,0.0909090909,0,0.1666666667,22
Andradina,0.584,0.1363636364,0.0625,0.1666666667,22
Cachoeiras de Macacu,0.636,0.0454545455,0,0,22
Olaria,0.555,0.0909090909,0.0666666667,0,22
Xanxerê,0.651,0.1363636364,0.125,0,22
Rolândia,0.626,0.0454545455,0,0,22
Camboriú,0.717,0.1363636364,0.15,0,22
Boa Viagem,0.665,0.1363636364,0.125,0,22
Ipanema,0.605,0.0909090909,0.0526315789,0,22
Serra Talhada,0.694,0.0909090909,0.0588235294,0,22
Adamantina,0.548,0.1428571429,0.125,0,21
Guararapes,0.59,0.1428571429,0.0769230769,0.125,21
Laranjeiras do Sul,0.655,0.1904761905,0.1333333333,0.1666666667,21
Pomerode,0.62,0.2380952381,0.125,0.6,21
Fernandópolis,0.567,0.2380952381,0.2142857143,0.1428571429,21
Belo Jardim,0.681,0.1428571429,0.1333333333,0,21
Frederico Westphalen,0.61,0.0476190476,0,0.25,21
Paraíso do Tocantins,0.713,0.0952380952,0.1052631579,0,21
Paracatu,0.707,0.0952380952,0.0666666667,0,21
Cocal do Sul,0.626,0.0476190476,0,0,21
São Mateus do Sul,0.671,0.1904761905,0.2,0,21
Alagoinhas,0.681,0.0952380952,0.0625,0,21
Dom Pedrito,0.578,0.1904761905,0.1111111111,0.3333333333,21
Sousa,0.661,0.0476190476,0.125,0,21
Macau,0.654,0.15,0.0666666667,0.2,20
Itaqui,0.641,0.2,0.1764705882,0,20
Nova Petrópolis,0.57,0.1,0.0588235294,0,20
Casimiro de Abreu,0.651,0.1,0.0666666667,0,20
Esmeraldas,0.681,0.15,0.2222222222,0,20
Imbé,0.575,0.2,0.1428571429,0.3333333333,20
Mairiporã,0.653,0.2,0.2142857143,0,20
São Roque,0.62,0.2,0.2142857143,0,20
Canguçu,0.568,0.05,0,0,20
Rio Verde,0.713,0.05,0,0,20
Pompéia,0.61,0.2,0.1875,0.25,20
Gurupi,0.71,0.05,0,0,20
Santo Antônio de Jesus,0.699,0.1,0.1333333333,0,20
Araguari,0.609,0.1,0.0714285714,0,20
Não-Me-Toque,0.594,0.1,0.0555555556,0,20
Matão,0.62,0.15,0.1111111111,0.0909090909,20
Palmeira das Missões,0.618,0.1,0.0526315789,0,20
Ilha Solteira,0.576,0.2631578947,0.1538461538,0.3333333333,19
Taquaritinga,0.613,0.0526315789,0,0,19
Itupeva,0.697,0.2105263158,0.2142857143,0,19
Telêmaco Borba,0.668,0.1578947368,0.1428571429,0,19
Laranjeiras,0.758,0.1052631579,0.0666666667,0,19
Cidreira,0.538,0.2105263158,0.1764705882,0,19
Carlos Barbosa,0.594,0.1052631579,0.0666666667,0.25,19
Naviraí,0.695,0.0526315789,0.0769230769,0,19
Lagoa da Prata,0.652,0.0526315789,0,0,19
Jataí,0.67,0.0526315789,0.0769230769,0,19
Campo Belo,0.591,0.1052631579,0.0714285714,0.2,19
Nova Bréscia,0.501,0.0526315789,0,0,19
Piraquara,0.728,0.1052631579,0.0769230769,0,19
Macaíba,0.711,0.1052631579,0.0769230769,0.1666666667,19
Estância Velha,0.635,0.1052631579,0,0.1428571429,19
Nova Prata,0.603,0.1052631579,0.0555555556,0,19
Bom Despacho,0.623,0.3684210526,0.4615384615,0.1666666667,19
Santa Cruz do Capibaribe,0.761,0.0526315789,0,0,19
Monte Carmelo,0.642,0.2222222222,0.2142857143,0,18
Currais Novos,0.64,0.1111111111,0.0714285714,0,18
Mangaratiba,0.62,0.1111111111,0.0588235294,0,18
Mococa,0.603,0.0555555556,0,0,18
Novo Brasil,0.555,0.1111111111,0,0.25,18
Três Passos,0.551,0.1111111111,0.125,0,18
Andradas,0.599,0.1111111111,0.0625,0,18
Boa Esperança,0.624,0.1111111111,0.0769230769,0,18
Mundo Novo,0.701,0.1111111111,0.0625,0,18
Tiradentes,0.626,0.1666666667,0,0.25,18
Mafra,0.643,0.1111111111,0.0666666667,0,18
Butiá,0.606,0.1666666667,0.1176470588,0,18
Carmo do Rio Verde,0.63,0.0555555556,0,0,18
Porto União,0.631,0.2222222222,0.2,0,18
Tangará da Serra,0.705,0.1111111111,0.0714285714,0,18
Cruzeiro do Oeste,0.602,0.1666666667,0.125,0,18
Eunápolis,0.718,0.1111111111,0,0.1428571429,18
Guaporé,0.591,0.0555555556,0,0,18
Guadalupe,0.694,0.0588235294,0,0,17
Vargem Grande Paulista,0.676,0.1176470588,0.0714285714,0,17
Porto Nacional,0.724,0.0588235294,0,0,17
Senador Canedo,0.747,0.2352941176,0.2,0.1428571429,17
Penápolis,0.589,0.1176470588,0.0909090909,0,17
Mineiros,0.691,0.1176470588,0.0833333333,0.2,17
Forquilhinha,0.691,0.2352941176,0.2142857143,0,17
Timon,0.733,0.0588235294,0,0,17
Santa Cruz das Palmeiras,0.662,0.1764705882,0.1875,0,17
São Cristóvão,0.727,0.2941176471,0.1818181818,0.5,17
São Fidélis,0.583,0.0588235294,0,0,17
Goianésia,0.674,0.0588235294,0,0,17
Trindade,0.688,0.1176470588,0.0625,0,17
Bombinhas,0.664,0.125,0.0769230769,0,16
Maranguape,0.717,0.125,0.1,0,16
São João da Barra,0.612,0.125,0,1,16
Santo Antônio do Monte,0.645,0.0625,0,0,16
Rosário do Sul,0.573,0.125,0.0833333333,0,16
Jaraguá,0.682,0.125,0.0769230769,0,16
Porto Feliz,0.636,0.125,0.1818181818,0,16
Itatiaia,0.644,0.1875,0.0909090909,0.2,16
Campo Limpo Paulista,0.663,0.25,0.2727272727,0,16
Três de Maio,0.558,0.125,0.0769230769,0,16
Garça,0.602,0.0625,0,0,16
Barra Bonita,0.586,0.0625,0,0,16
Braga,0.58,0.1875,0.0909090909,0.2,16
Bonito,0.697,0.0625,0,0,16
Guapimirim,0.666,0.125,0.0769230769,0,16
Orlândia,0.626,0.0625,0,0,16
Pirapora,0.682,0.125,0,0.2,16
Japeri,0.703,0.125,0.0714285714,0,16
Itapira,0.589,0.0625,0,0,16
Tietê,0.624,0.125,0.0714285714,0,16
Santo Antônio da Platina,0.627,0.125,0.0909090909,0,16
Balsas,0.78,0.0625,0,0,16
Irecê,0.715,0.3125,0.3333333333,0,16
Aracruz,0.699,0.125,0,0.1666666667,16
Cajati,0.687,0.0625,0,0,16
Paragominas,0.803,0.0625,0,0,16
Almirante Tamandaré,0.714,0.0666666667,0.0769230769,0,15
Ipojuca,0.758,0.2,0,0.2222222222,15
Itamaraju,0.694,0.0666666667,0,0,15
Cidade Ocidental,0.755,0.1333333333,0.0909090909,0,15
Veranópolis,0.562,0.2,0.1428571429,0,15
São Manuel,0.632,0.0666666667,0,0,15
Pesqueira,0.671,0.1333333333,0.0833333333,0,15
Encantado,0.562,0.0666666667,0,0,15
Barra dos Coqueiros,0.725,0.1333333333,0,0.5,15
Marcelino Ramos,0.522,0.0666666667,0,0,15
Simões Filho,0.742,0.1333333333,0.0769230769,0,15
Açailândia,0.762,0.0666666667,0,0,15
Cordeiro,0.604,0.1333333333,0.1818181818,0,15
Balneário Pinhal,0.547,0.0666666667,0,0,15
Tremembé,0.66,0.1333333333,0.1111111111,0,15
Horizontina,0.582,0.2,0.1818181818,0,15
Soledade,0.609,0.0666666667,0,0,15
Primavera do Leste,0.737,0.2,0.2142857143,0,15
Cachoeira Paulista,0.624,0.1333333333,0.1,0,15
Palotina,0.627,0.0666666667,0,0,15
Nova Andradina,0.674,0.0666666667,0,0,15
Pederneiras,0.65,0.2,0.0833333333,0.3333333333,15
Sacramento,0.631,0.1333333333,0.1666666667,0,15
Várzea Paulista,0.684,0.1333333333,0.0909090909,0,15
Aracati,0.688,0.0714285714,0,0,14
Xaxim,0.637,0.0714285714,0.0833333333,0,14
Guaratuba,0.638,0.3571428571,0.2727272727,0.3333333333,14
Altamira,0.757,0.0714285714,0,0,14
Capinzal,0.662,0.2142857143,0.0909090909,0.3333333333,14
Guaramirim,0.708,0.2142857143,0.2727272727,0,14
Carmo,0.603,0.0714285714,0,0,14
Carangola,0.595,0.1428571429,0.0769230769,0,14
Forquilha,0.698,0.2142857143,0.1666666667,0,14
São José de Ribamar,0.757,0.2142857143,0.0909090909,0.3333333333,14
Rio Negro,0.659,0.3571428571,0.125,0.5,14
Águas Lindas de Goiás,0.793,0.1428571429,0.0833333333,0,14
Alagoinha,0.661,0.1428571429,0.0833333333,0,14
Rio Brilhante,0.719,0.1428571429,0.1538461538,0,14
Santa Cruz do Rio Pardo,0.604,0.0714285714,0,0,14
Barbalha,0.709,0.0714285714,0,0,14
Três Coroas,0.659,0.1428571429,0.0769230769,0,14
Louveira,0.714,0.1428571429,0.0833333333,0,14
Jacupiranga,0.654,0.1428571429,0.0909090909,0,14
Tapes,0.589,0.0714285714,0,0,14
Santana do Paraíso,0.7,0.2142857143,0.125,0.1666666667,14
Brás Pires,0.579,0.0714285714,0,0,14
Itapoá,0.585,0.1428571429,0.1111111111,0.2,14
Areado,0.607,0.1428571429,0.1111111111,0,14
Cerquilho,0.637,0.2857142857,0.2307692308,1,14
Marechal Cândido Rondon,0.617,0.0714285714,0,0,14
Flores da Cunha,0.59,0.2142857143,0.1538461538,0,14
Agudos,0.649,0.0714285714,0,0,14
Bacabal,0.721,0.1428571429,0.0769230769,0,14
Floriano,0.687,0.1428571429,0.1,0,14
Caeté,0.624,0.2307692308,0.1,0.3333333333,13
Cambé,0.632,0.2307692308,0.1666666667,0,13
Taquari,0.586,0.0769230769,0,0,13
Dracena,0.563,0.0769230769,0,0,13
Paraguaçu Paulista,0.629,0.0769230769,0.125,0,13
Barão de Cocais,0.666,0.2307692308,0.2727272727,0,13
Arcoverde,0.685,0.2307692308,0.2727272727,0,13
Mendes,0.565,0.1538461538,0.0833333333,0,13
Açu,0.689,0.2307692308,0.1666666667,0.1428571429,13
Bom Jardim,0.618,0.0769230769,0,0,13
Itapetinga,0.698,0.3076923077,0.125,0.4,13
Janaúba,0.701,0.1538461538,0.1,0,13
Fraiburgo,0.678,0.1538461538,0,1,13
Monte Alto,0.588,0.1538461538,0.1111111111,0,13
Tamandaré,0.746,0.1538461538,0.1,0,13
São João Nepomuceno,0.579,0.0769230769,0,0,13
Novo Gama,0.771,0.2307692308,0.2222222222,0,13
Marituba,0.772,0.1538461538,0.0909090909,0,13
Itapuí,0.638,0.2307692308,0.3333333333,0,13
Jaguaruna,0.595,0.0769230769,0.0909090909,0,13
Cajazeiras,0.663,0.0769230769,0,0,13
Quixadá,0.692,0.0769230769,0,0,13
Ituporanga,0.649,0.1538461538,0.2222222222,0,13
Orleans,0.633,0.2307692308,0.1818181818,0.5,13
Pedreira,0.63,0.3076923077,0.2727272727,0,13
Candeias,0.715,0.1538461538,0.1111111111,0,13
Mirassol,0.597,0.1538461538,0.1666666667,0,13
Estrela,0.591,0.0769230769,0,0,13
Humaitá,0.785,0.0769230769,0,0,13
Tanguá,0.658,0.1538461538,0.0909090909,0,13
Ipiranga,0.69,0.0769230769,0,0,13
Novo Horizonte,0.6,0.1538461538,0.1111111111,0,13
Pariquera-Açu,0.652,0.0769230769,0,0,13
Cabedelo,0.691,0.1538461538,0,0.1666666667,13
Oeiras,0.69,0.25,0,0.6666666667,12
São João,0.703,0.1666666667,0.0909090909,0,12
Feliz,0.576,0.3333333333,0.3,0.5,12
Espírito Santo do Pinhal,0.593,0.0833333333,0,0,12
Pitangui,0.647,0.0833333333,0,0,12
Paty do Alferes,0.627,0.1666666667,0.125,0,12
Curitibanos,0.651,0.0833333333,0.1,0,12
Palmares,0.707,0.25,0.1428571429,0.2,12
Cláudio,0.665,0.0833333333,0,0,12
Alta Floresta,0.682,0.0833333333,0,0,12
Ibirama,0.636,0.0833333333,0,0,12
Bandeirantes,0.609,0.25,0.125,0.25,12
Fazenda Rio Grande,0.724,0.1666666667,0,0.25,12
Morrinhos,0.62,0.0833333333,0,0,12
Salgueiro,0.714,0.1666666667,0.1111111111,0,12
Itaituba,0.758,0.1666666667,0,0.1428571429,12
Braço do Norte,0.67,0.0833333333,0,0,12
Sirinhaém,0.76,0.0833333333,0,0,12
Nova Viçosa,0.723,0.25,0.2727272727,0,12
Pirajuí,0.625,0.0833333333,0,0,12
Rio das Pedras,0.68,0.1666666667,0.125,0,12
Quaraí,0.586,0.25,0.2,0,12
Guararema,0.648,0.0833333333,0,0,12
Aveiro,0.772,0.1666666667,0.1111111111,0,12
Santa Vitória do Palmar,0.579,0.0833333333,0.125,0,12
Vista Alegre,0.553,0.1666666667,0.1,0,12
Porto Real,0.675,0.1666666667,0.1,0,12
Russas,0.692,0.25,0.1428571429,0.2,12
Nova Venécia,0.654,0.0833333333,0,0,12
Pinheiros,0.671,0.1666666667,0.1,0,12
Abaetetuba,0.769,0.1666666667,0.0909090909,1,12
Porto Ferreira,0.622,0.0833333333,0,0,12
Santa Fé do Sul,0.566,0.0833333333,0,0,12
Leopoldina,0.594,0.1666666667,0.125,0,12
Presidente Venceslau,0.582,0.1666666667,0.1111111111,0,12
Pau dos Ferros,0.662,0.0833333333,0.1428571429,0,12
Ipiaú,0.673,0.0833333333,0,0,12
Apodi,0.661,0.0833333333,0,0,12
Brumado,0.661,0.0833333333,0.125,0,12
Penedo,0.713,0.0833333333,0,0,12
Itacoatiara,0.77,0.25,0.375,0,12
Itabaiana,0.712,0.0909090909,0,0,11
Porteirinha,0.659,0.2727272727,0.2222222222,0,11
Espumoso,0.577,0.0909090909,0,0,11
Giruá,0.558,0.1818181818,0.125,0,11
Tapejara,0.619,0.2727272727,0.2,0,11
Colorado,0.597,0.1818181818,0.1111111111,0,11
Santa Rita do Sapucaí,0.651,0.0909090909,0,0,11
Sengés,0.696,0.1818181818,0.2,0,11
Porto Belo,0.645,0.1818181818,0.1,0,11
Nova Veneza,0.632,0.1818181818,0,0.5,11
Tauá,0.653,0.1818181818,0.2,0,11
São Francisco de Paula,0.615,0.0909090909,0,0,11
Turvo,0.624,0.1818181818,0.125,0,11
Bezerros,0.647,0.2727272727,0.25,0,11
Cáceres,0.696,0.1818181818,0.1666666667,0,11
Dois Vizinhos,0.653,0.1818181818,0.2222222222,0,11
Itaú de Minas,0.595,0.0909090909,0,0,11
Capivari,0.657,0.0909090909,0,0,11
Iporá,0.585,0.0909090909,0.1,0,11
Fernando de Noronha,0.692,0.2727272727,0.1,1,11
Aquidauana,0.665,0.0909090909,0,0,11
Itapipoca,0.729,0.0909090909,0,0,11
Rio Verde de Mato Grosso,0.645,0.0909090909,0,0,11
Cantagalo,0.675,0.0909090909,0,0.3333333333,11
Teutônia,0.614,0.0909090909,0,0,11
Pacatuba,0.736,0.3636363636,0.375,0,11
Carpina,0.677,0.0909090909,0.1111111111,0,11
Escada,0.709,0.1818181818,0,0.2,11
Santa Helena de Goiás,0.645,0.1818181818,0.125,0,11
Chapadão do Sul,0.728,0.2727272727,0.2222222222,0,11
Cacoal,0.699,0.1818181818,0.1428571429,0,11
Eusébio,0.739,0.1818181818,0,0.3333333333,11
Capanema,0.725,0.0909090909,0.125,0,11
Guanambi,0.671,0.1818181818,0.1,0,11
Uruaçu,0.653,0.0909090909,0,0,11
São Marcos,0.588,0.1818181818,0.1,0,11
Nanuque,0.64,0.1818181818,0,0.2,11
Três Pontas,0.642,0.0909090909,0,0,11
Nossa Senhora do Socorro,0.744,0.1818181818,0,0.2,11
Caçapava do Sul,0.543,0.1,0,0,10
Ribeira do Pombal,0.683,0.1,0,0,10
Coelho Neto,0.737,0.2,0.1428571429,0,10
Crateús,0.647,0.1,0,0,10
Guabiruba,0.657,0.2,0.125,0,10
Urupês,0.558,0.3,0.125,0.5,10
Espera Feliz,0.647,0.1,0.1428571429,0,10
Massaranduba,0.618,0.2,0.125,0,10
Santa Inês,0.732,0.1,0,0,10
Capixaba,0.751,0.1,0,0,10
Ceará-Mirim,0.72,0.1,0,0,10
Pinhalzinho,0.657,0.1,0,0,10
Cruz das Almas,0.681,0.3,0.125,0.5,10
Vera Cruz,0.592,0.1,0.1666666667,0,10
São Joaquim de Bicas,0.709,0.2,0.1666666667,0,10
Águas de Lindóia,0.593,0.1,0,0,10
Surubim,0.675,0.2,0.25,0,10
Nova Europa,0.663,0.1,0,0,10
Canaã dos Carajás,0.795,0.2,0.1111111111,0,10
Canindé,0.69,0.1,0,0,10
Siderópolis,0.611,0.1,0,0,10
Tambaú,0.611,0.1,0,0,10
Aquiraz,0.713,0.1,0.1666666667,0,10
Timbaúba,0.678,0.2,0.1111111111,0,10
Tianguá,0.732,0.1,0,0,10
Piúma,0.652,0.2,0,0.25,10
Campo Verde,0.734,0.1,0,0,10
Dois Irmãos,0.649,0.3,0,0.4,10
Miracema,0.607,0.1,0,0,10
Paço do Lumiar,0.748,0.1,0,0,10
São Bento,0.712,0.2,0.1666666667,0,10
Pilar,0.729,0.1,0,0,10
Manhuaçu,0.677,0.2,0,0.3333333333,10
Pirenópolis,0.648,0.2,0.125,0,10
Barcarena,0.781,0.1,0,0,10
Senhor do Bonfim,0.677,0.1,0,0.25,10
Barra de São Francisco,0.645,0.1,0,0,10
Monte Alegre,0.743,0.1,0,0,10
Maracaju,0.715,0.2,0.1111111111,0,10
Nova Cruz,0.69,0.2,0.2,0,10
Balneário Arroio do Silva,0.566,0.1111111111,0,0,9
Sena Madureira,0.789,0.2222222222,0.3333333333,0,9
Santo Antônio de Pádua,0.592,0.1111111111,0,0,9
Goiana,0.692,0.1111111111,0,0,9
Itaiópolis,0.668,0.5555555556,0.3333333333,0.6666666667,9
Palmares do Sul,0.541,0.3333333333,0.1428571429,0.5,9
Cornélio Procópio,0.586,0.2222222222,0.125,0,9
Pereira Barreto,0.601,0.2222222222,0.1666666667,0,9
Piratininga,0.599,0.2222222222,0.125,0,9
Estância,0.71,0.1111111111,0,0,9
Boa Vista do Incra,0.591,0.2222222222,0.1428571429,0,9
Quixeramobim,0.677,0.3333333333,0.3333333333,0,9
Socorro,0.567,0.2222222222,0.1666666667,0,9
Machado,0.645,0.1111111111,0,0,9
Vila Maria,0.519,0.1111111111,0.1428571429,0,9
Matozinhos,0.671,0.2222222222,0,0.5,9
Rolim de Moura,0.709,0.2222222222,0.1428571429,0,9
Monte Sião,0.632,0.3333333333,0.1428571429,0.5,9
Araçoiaba da Serra,0.619,0.1111111111,0,0,9
Tupã,0.562,0.1111111111,0,0,9
Balneário Barra do Sul,0.525,0.1111111111,0,0,9
Lagoa Vermelha,0.582,0.1111111111,0,0,9
Santa Rosa de Viterbo,0.611,0.2222222222,0.125,0,9
Casa Branca,0.611,0.2222222222,0.1666666667,0.3333333333,9
Rio Largo,0.719,0.2222222222,0,0.3333333333,9
Conceição da Barra,0.699,0.1111111111,0,0,9
Mandaguari,0.599,0.2222222222,0.125,0,9
Areia,0.682,0.3333333333,0.25,0,9
Sarzedo,0.711,0.1111111111,0,0,9
Conceição do Coité,0.698,0.1111111111,0,0,9
Marechal Deodoro,0.732,0.3333333333,0.4,0,9
Colinas,0.748,0.2222222222,0.1666666667,0,9
Jacobina,0.682,0.2222222222,0.125,0,9
Lagoinha,0.57,0.2222222222,0.25,0,9
Realeza,0.61,0.1111111111,0,0,9
Salinas,0.648,0.1111111111,0,0,9
Pinheiral,0.629,0.25,0.2857142857,0,8
Cruzília,0.6,0.125,0,0,8
Luz,0.603,0.125,0,0,8
Mairinque,0.655,0.125,0,0,8
Extremoz,0.713,0.125,0,0,8
Niquelândia,0.676,0.125,0.2,0,8
Manga,0.699,0.375,0.4,0.3333333333,8
Ibiporã,0.625,0.25,0.1666666667,0.5,8
Brumadinho,0.633,0.125,0,0,8
Itaporanga,0.702,0.125,0,0,8
Bariri,0.598,0.125,0.1666666667,0,8
Bom Jesus,0.756,0.125,0,0,8
São José da Bela Vista,0.679,0.125,0,0,8
Xambrê,0.564,0.25,0.1666666667,0,8
Paraisópolis,0.611,0.25,0.2,0,8
Mandaguaçu,0.63,0.25,0.2,0,8
Miracatu,0.665,0.125,0,0,8
Limoeiro,0.656,0.125,0,0,8
Catu,0.691,0.125,0,0,8
Redenção,0.751,0.125,0,0,8
Sapé,0.678,0.125,0,0.2,8
Arcos,0.614,0.125,0,0,8
Arroio Grande,0.579,0.125,0,0,8
Rancharia,0.6,0.125,0.2,0,8
Mateus Leme,0.655,0.25,0,0.5,8
Cametá,0.786,0.125,0,0,8
Igarassu,0.696,0.125,0.2,0,8
Presidente Epitácio,0.628,0.125,0,0,8
Pendências,0.676,0.25,0.3333333333,0.2,8
Estrela do Sul,0.618,0.125,0.2,0,8
Guariba,0.683,0.125,0,0,8
São João Batista,0.7,0.25,0.1428571429,0,8
Lajedo,0.68,0.125,0,0,8
Bom Jesus dos Perdões,0.668,0.25,0.1666666667,0,8
Marilândia,0.601,0.375,0.4285714286,0,8
Floresta,0.733,0.25,0.3333333333,0,8
Conselheiro Pena,0.621,0.125,0,0,8
Areal,0.627,0.125,0,0,8
João Pinheiro,0.678,0.375,0.2857142857,0,8
Ribeirão,0.707,0.125,0,0,8
Palmeiras de Goiás,0.649,0.125,0.1666666667,0,8
Bom Jesus do Itabapoana,0.59,0.125,0,0,8
Bom Jesus da Lapa,0.723,0.25,0.1666666667,0,8
Cidelândia,0.738,0.125,0,0,8
Campos Novos,0.653,0.125,0,0,8
Acari,0.63,0.125,0,0,8
Arroio dos Ratos,0.592,0.125,0,0,8
Rio Paranaíba,0.647,0.25,0.2,0,8
Upanema,0.694,0.125,0.2,0,8
Inhumas,0.633,0.125,0,0,8
Ceres,0.612,0.125,0,0,8
Areiópolis,0.698,0.25,0.1428571429,0,8
Sertão,0.52,0.125,0,0,8
Bela Vista do Toldo,0.67,0.125,0,0,8
Monte Mor,0.687,0.25,0,0.6666666667,8
Santa Rita do Passa Quatro,0.543,0.125,0.1428571429,0,8
Piripiri,0.67,0.125,0,0,8
São Joaquim da Barra,0.63,0.125,0,0,8
Picuí,0.66,0.125,0,0,8
Manacapuru,0.786,0.125,0,0,8
Araripina,0.728,0.125,0,0,8
Laranjal Paulista,0.612,0.25,0,1,8
Ouro Fino,0.588,0.125,0,0,8
União dos Palmares,0.729,0.25,0.1666666667,0,8
São Miguel Arcanjo,0.66,0.125,0.1666666667,0,8
Caraúbas,0.65,0.125,0,0,8
Piracaia,0.621,0.125,0,0,8
Canavieiras,0.68,0.125,0,0,8
Sidrolândia,0.697,0.125,0,0,8
Moreno,0.686,0.1428571429,0,0,7
Santo Augusto,0.579,0.1428571429,0,0,7
Muniz Freire,0.658,0.1428571429,0.1666666667,0,7
Barra do Ribeiro,0.584,0.2857142857,0.2,0,7
Triunfo,0.625,0.2857142857,0.2,0,7
Fundão,0.64,0.4285714286,0.2,1,7
Morro da Fumaça,0.668,0.2857142857,0.1666666667,0,7
São José de Mipibu,0.71,0.1428571429,0,0,7
Minaçu,0.66,0.1428571429,0,0,7
José Bonifácio,0.623,0.1428571429,0,0,7
Palmitos,0.572,0.2857142857,0.1666666667,0,7
Tabatinga,0.813,0.4285714286,0.4,0,7
Correia Pinto,0.654,0.1428571429,0,0,7
Nova Mutum,0.781,0.1428571429,0,0,7
Bom Retiro do Sul,0.594,0.2857142857,0.4,0,7
Palmital,0.571,0.1428571429,0,0.25,7
Angicos,0.652,0.1428571429,0,0,7
Campina Grande do Sul,0.704,0.1428571429,0,0,7
Solânea,0.654,0.1428571429,0,0,7
Limoeiro do Norte,0.663,0.1428571429,0,0,7
Nova Era,0.632,0.2857142857,0.2,0,7
Prado,0.718,0.4285714286,0.4,0.5,7
Itápolis,0.596,0.2857142857,0.1666666667,0,7
Água Boa,0.71,0.1428571429,0,0,7
Resplendor,0.6,0.2857142857,0,1,7
Cafelândia,0.682,0.1428571429,0,0,7
Imbituva,0.688,0.1428571429,0,0,7
Lauro Muller,0.627,0.2857142857,0.2,0,7
Sanharó,0.698,0.1428571429,0,0,7
Bom Jesus do Norte,0.612,0.4285714286,0.5,0.3333333333,7
Andaraí,0.725,0.1428571429,0.25,0,7
Esperança,0.672,0.2857142857,0.2,0,7
Nova Santa Rita,0.666,0.2857142857,0.2,0,7
Solidão,0.69,0.1428571429,0,0,7
Baixo Guandu,0.625,0.1428571429,0,0,7
São Miguel do Oeste,0.62,0.1428571429,0,0,7
Quirinópolis,0.643,0.1428571429,0,0,7
Icó,0.672,0.2857142857,0.25,0.3333333333,7
Nova Esperança do Sudoeste,0.613,0.2857142857,0.1666666667,0,7
São Gotardo,0.673,0.1428571429,0,0.5,7
Parelhas,0.655,0.2857142857,0.2,0,7
Colina,0.618,0.1428571429,0,0,7
Mamborê,0.613,0.1428571429,0,0,7
Lago da Pedra,0.737,0.1428571429,0,0.3333333333,7
Águas da Prata,0.544,0.1428571429,0,0,7
Itapissuma,0.727,0.2857142857,0,0.3333333333,7
Palmeira,0.657,0.2857142857,0,1,7
Júlio de Castilhos,0.597,0.1428571429,0,0,7
Caxambu,0.587,0.2857142857,0.25,0,7
Araruna,0.615,0.1428571429,0,0,7
Castelo,0.611,0.1428571429,0,0,7
Ibaiti,0.637,0.1428571429,0,0,7
Muzambinho,0.593,0.2857142857,0.25,0,7
Ituverava,0.606,0.1428571429,0,0,7
Pombal,0.634,0.1428571429,0,0,7
Camocim,0.724,0.1428571429,0,0,7
São Francisco,0.714,0.1428571429,0,0,7
Jarinu,0.662,0.2857142857,0,1,7
Serrinha,0.714,0.1428571429,0,0,7
Taperoá,0.736,0.1428571429,0,0,7
Itaitinga,0.742,0.2857142857,0,1,7
Raul Soares,0.58,0.1666666667,0,1,6
Campo Redondo,0.654,0.3333333333,0,0.3333333333,6
Taquarituba,0.629,0.6666666667,0.4,1,6
Recreio,0.548,0.1666666667,0,0,6
Camanducaia,0.639,0.1666666667,0,0,6
Rio Pardo,0.572,0.1666666667,0.25,0,6
Roca Sales,0.55,0.1666666667,0.2,0,6
Eldorado,0.678,0.1666666667,0,0,6
Vargem Grande,0.77,0.3333333333,0.3333333333,0.3333333333,6
Schroeder,0.694,0.1666666667,0,0,6
Itapecerica,0.567,0.1666666667,0,0,6
Arroio do Sal,0.55,0.1666666667,0,0,6
Taió,0.624,0.3333333333,0.25,0,6
Borda da Mata,0.576,0.1666666667,0,0,6
Crissiumal,0.526,0.3333333333,0.25,0.5,6
Mirandópolis,0.594,0.1666666667,0,0,6
Queluz,0.665,0.1666666667,0,0,6
Rondon do Pará,0.747,0.1666666667,0.25,0,6
Guaçuí,0.637,0.3333333333,0.25,0,6
Brodowski,0.628,0.1666666667,0,0,6
Rosário do Ivaí,0.594,0.1666666667,0,0,6
Mutum,0.633,0.3333333333,0.25,0,6
Água Doce do Norte,0.646,0.1666666667,0,0,6
Coromandel,0.6,0.3333333333,0,0.5,6
Bela Vista de Goiás,0.64,0.3333333333,0.25,0,6
Nísia Floresta,0.719,0.3333333333,0,0.3333333333,6
São Joaquim,0.623,0.3333333333,0,0.5,6
Capão do Leão,0.631,0.1666666667,0,0,6
Bady Bassitt,0.622,0.1666666667,0,0.5,6
Serafina Corrêa,0.611,0.1666666667,0,0,6
Brejo,0.744,0.1666666667,0,0,6
Caetité,0.677,0.3333333333,0.25,0,6
Rio Negrinho,0.677,0.1666666667,0,0,6
Piratini,0.535,0.1666666667,0.5,0,6
Morro do Chapéu,0.7,0.1666666667,0,0,6
Taquaritinga do Norte,0.697,0.1666666667,0,0,6
Alfredo Wagner,0.628,0.3333333333,0.25,0,6
Venda Nova do Imigrante,0.658,0.1666666667,0,0,6
Coxim,0.665,0.1666666667,0,0,6
São João Evangelista,0.641,0.1666666667,0,0,6
Promissão,0.628,0.1666666667,0,0,6
Mata de São João,0.73,0.3333333333,0,0.5,6
Juatuba,0.684,0.1666666667,0,0.3333333333,6
Tocantins,0.607,0.5,0.4,0,6
Pedro Canário,0.705,0.3333333333,0,0.3333333333,6
Várzea da Palma,0.693,0.1666666667,0,0,6
Barra do Bugres,0.73,0.1666666667,0,0,6
Jaru,0.72,0.1666666667,0,0,6
Valente,0.674,0.1666666667,0,0,6
Angatuba,0.631,0.1666666667,0,0,6
Miguelópolis,0.653,0.1666666667,0,0,6
Campinas do Sul,0.506,0.3333333333,0.2,1,6
Itapiranga,0.638,0.1666666667,0,0,6
Toritama,0.784,0.1666666667,0,0,6
Amargosa,0.671,0.1666666667,0,0,6
Ibiá,0.632,0.1666666667,0,0,6
Alumínio,0.688,0.5,0.75,0,6
Gravatal,0.601,0.3333333333,0.2,0,6
Montanha,0.634,0.3333333333,0.25,0,6
Terra Nova,0.687,0.3333333333,0.25,0,6
Campo Novo do Parecis,0.769,0.1666666667,0,0,6
Marmeleiro,0.618,0.1666666667,0,0,6
Cambará,0.6,0.1666666667,0,0,6
Reserva,0.692,0.3333333333,0,1,6
Jardim de Piranhas,0.673,0.1666666667,0,0,6
Bocaiúva,0.686,0.1666666667,0,0,6
Ouricuri,0.723,0.3333333333,0.3333333333,0,6
São Raimundo Nonato,0.709,0.1666666667,0,0,6
São Paulo do Potengi,0.674,0.1666666667,0,0,6
Catende,0.708,0.1666666667,0,0,6
Antônio Prado,0.534,0.1666666667,0,0,6
São José do Norte,0.583,0.1666666667,0,0,6
Pedreiras,0.7,0.1666666667,0,0,6
Coaraci,0.631,0.1666666667,0,0,6
Chapadinha,0.749,0.1666666667,0.5,0,6
Itaparica,0.685,0.2,0,0,5
Martinópolis,0.611,0.2,0,0,5
Holambra,0.659,0.2,0,0,5
Paraibuna,0.63,0.2,0,0,5
Riachão do Jacuípe,0.649,0.2,0,0,5
Santa Cecília,0.707,0.2,0,0,5
Guarani das Missões,0.525,0.4,0.3333333333,0.5,5
Rio Tinto,0.666,0.2,0,0,5
Paraíso do Norte,0.638,0.4,0.25,1,5
Conde,0.739,0.2,1,0,5
Seara,0.617,0.2,0,0,5
Piraju,0.59,0.2,0,0,5
Sapezal,0.798,0.2,0,0,5
Antonina,0.618,0.2,0,0,5
Dois Córregos,0.637,0.2,0,0,5
São José do Vale do Rio Preto,0.643,0.2,0,0,5
Euclides da Cunha,0.677,0.2,0,0,5
Santo Antônio,0.69,0.4,0.5,0,5
Herval d'Oeste,0.63,0.2,0.3333333333,0,5
Afonso Cláudio,0.633,0.2,0.25,0,5
Artur Nogueira,0.67,0.2,0,0,5
Guaraciaba,0.558,0.2,0,0.3333333333,5
Conceição do Mato Dentro,0.656,0.2,0,0,5
Almenara,0.656,0.2,0,0,5
Rebouças,0.638,0.2,0,0,5
Feliz Deserto,0.731,0.4,0.25,0,5
Catas Altas,0.667,0.2,0,0,5
Desterro,0.678,0.4,0.25,0,5
Brasiléia,0.752,0.4,0,0.5,5
Américo Brasiliense,0.697,0.4,0.25,0,5
Pedras de Fogo,0.713,0.2,0,1,5
Inhaúma,0.654,0.2,0,0,5
Castro Alves,0.689,0.4,0,0.5,5
Matipó,0.689,0.2,0.25,0,5
Propriá,0.691,0.4,0.25,0,5
Riachuelo,0.753,0.2,0,0,5
Piumhi,0.604,0.4,0.25,0,5
Pentecoste,0.695,0.2,0,0,5
Cambuquira,0.591,0.2,0.25,0,5
Estiva,0.601,0.2,0,0,5
Álvares Machado,0.614,0.4,0.5,0,5
Manhumirim,0.642,0.2,0,0,5
São Pedro,0.598,0.2,0,0,5
Capela,0.726,0.2,0,0,5
Rio dos Cedros,0.59,0.2,0,0,5
Cabreúva,0.704,0.2,0,0,5
Nova Bassano,0.566,0.2,0,0.3333333333,5
Mimoso do Sul,0.61,0.4,0,1,5
Caetanópolis,0.604,0.2,0,0,5
Salto de Pirapora,0.643,0.2,0,0,5
Mari,0.657,0.2,0,0,5
Ipaussu,0.642,0.6,0.3333333333,0.5,5
Arealva,0.546,0.2,0.3333333333,0,5
Jacinto Machado,0.603,0.2,0,0,5
Paraty,0.67,0.2,0,0,5
Rio Grande da Serra,0.697,0.4,0,1,5
Breves,0.813,0.2,0,0,5
Santa Branca,0.619,0.2,0,1,5
São Domingos do Prata,0.582,0.2,0,0,5
Castro,0.691,0.2,0,0,5
Laurentino,0.61,0.2,0,0,5
Araçuaí,0.668,0.2,0,0,5
Eugenópolis,0.593,0.4,0.25,0,5
Itatinga,0.691,0.2,0,0,5
Terra Roxa,0.598,0.2,0,0,5
Condado,0.691,0.2,0,0,5
São Simão,0.655,0.2,0,0,5
Esplanada,0.735,0.2,0,0,5
Guaíra,0.643,0.4,0.25,0,5
Areia Branca,0.659,0.4,0.25,0,5
Iracemápolis,0.649,0.2,0.25,0,5
Piraí do Sul,0.661,0.2,0,0,5
Codó,0.721,0.4,0.25,0,5
Caaporã,0.752,0.2,0,0,5
Tenente Portela,0.601,0.2,0,0,5
Campo do Meio,0.606,0.2,0.25,0,5
Igarapé,0.683,0.2,0,0,5
Barra da Estiva,0.725,0.2,0,0,5
Alto Feliz,0.528,0.2,0,0,5
Porangatu,0.674,0.2,0,0,5
Simão Dias,0.684,0.4,0.5,0.3333333333,5
Catolé do Rocha,0.658,0.2,0.3333333333,0,5
Capelinha,0.727,0.2,0,0,5
Panorama,0.655,0.4,0.5,0,5
Bom Sucesso,0.59,0.4,0,0.5,5
Poço Redondo,0.763,0.2,0.3333333333,0,5
Ingá,0.666,0.2,0,0,5
Catanduvas,0.668,0.25,0,0,4
Deodápolis,0.635,0.25,0,0,4
São Sepé,0.539,0.25,0,0,4
Cairu,0.766,0.25,0,0,4
Carnaúba dos Dantas,0.663,0.25,0,0,4
Nortelândia,0.649,0.25,0,0,4
São Félix do Xingu,0.787,0.25,0.5,0,4
Muritiba,0.683,0.5,0.5,0,4
Santo Antônio de Posse,0.658,0.25,0,0,4
Flórida Paulista,0.631,0.5,0.5,0,4
Tarumirim,0.601,0.25,0,0,4
Água Santa,0.592,0.25,0,0,4
Tocantinópolis,0.726,0.25,0,0,4
Paudalho,0.722,0.25,0,0,4
Brotas,0.633,0.25,0,0,4
Avanhandava,0.687,0.25,0,0,4
Itá,0.6,0.25,0.5,0,4
Rosário,0.745,0.25,0.3333333333,0,4
Santa Maria de Jetibá,0.691,0.5,0.3333333333,0,4
Poções,0.671,0.5,0.3333333333,0,4
Jucurutu,0.647,0.25,0,0,4
Itaobim,0.651,0.25,0,0,4
Águas de São Pedro,0.49,0.25,0,0.5,4
Iapu,0.625,0.25,0,0,4
Pitangueiras,0.688,0.25,0,0,4
Joanópolis,0.601,0.25,0,0,4
Uraí,0.57,0.25,0,0,4
Assis Chateaubriand,0.581,0.25,0,0,4
São Bento do Sapucaí,0.584,0.25,0,0,4
Victor Graeff,0.524,0.25,0.3333333333,0,4
Curiúva,0.65,0.25,0.5,0,4
Anastácio,0.662,0.25,0,0,4
Macaparana,0.686,0.25,0,0,4
Santa Luzia do Pará,0.768,0.25,0,0,4
Conchas,0.603,0.5,0.5,0,4
Muricilândia,0.714,0.5,0.3333333333,0,4
Pindoretama,0.682,0.25,0,0,4
Itapuranga,0.602,0.25,0,0,4
Quatro Barras,0.688,0.5,0.6666666667,0,4
Itirapina,0.689,0.25,0,0,4
Cedro,0.636,0.5,0,0.3333333333,4
Pedra Azul,0.673,0.25,0,0,4
Morretes,0.636,0.25,0,0,4
Alcântara,0.716,0.25,0,1,4
Arroio do Meio,0.568,0.25,0,0,4
Colinas do Tocantins,0.719,0.25,0,0,4
Paraí,0.56,0.25,0,0,4
Iacanga,0.623,0.5,0,0.3333333333,4
Coração de Jesus,0.667,0.5,0.3333333333,0,4
Silvianópolis,0.57,0.25,0.3333333333,0,4
Maragogipe,0.696,0.25,0,0,4
Jacutinga,0.638,0.5,0.3333333333,0,4
Acreúna,0.677,0.25,0,0,4
Guamaré,0.745,0.25,0,0,4
Teodoro Sampaio,0.667,0.25,0,0,4
Buritizeiro,0.715,0.25,0,1,4
Imaruí,0.539,0.25,0,0,4
Balneário Gaivota,0.572,0.25,0,0.5,4
Planura,0.677,0.25,0.5,0,4
Santa Lúcia,0.677,0.25,0,0,4
Santa Izabel do Oeste,0.619,0.5,0,0.3333333333,4
Altos,0.687,0.25,0.5,0,4
Itapagé,0.725,0.25,0,0,4
Viçosa do Ceará,0.731,0.25,0,0,4
Rialma,0.633,0.25,0,0,4
Itaipulândia,0.657,0.25,0,0,4
Fazenda Vilanova,0.61,0.5,0.5,0,4
Perdigão,0.683,0.5,0,0.5,4
Alagoa Nova,0.681,0.25,0.5,0,4
Pitanga,0.651,0.25,0,0,4
Abadiânia,0.67,0.25,0,0.5,4
Otacílio Costa,0.667,0.25,0,0,4
Serra da Raiz,0.67,0.25,0,0,4
São Vicente do Sul,0.575,0.25,0,0,4
Campanha,0.621,0.25,0,0,4
Alegre,0.611,0.25,0,0,4
Goioerê,0.608,0.25,0,0,4
Piacatu,0.6,0.25,0,0,4
Pontes e Lacerda,0.71,0.5,0.5,0,4
Glória,0.691,0.25,0,0,4
Rio Branco do Sul,0.708,0.25,0,0,4
Itapecuru Mirim,0.748,0.25,0.5,0,4
Segredo,0.618,0.5,0,1,4
Garuva,0.692,0.25,0,0.5,4
Capitólio,0.593,0.25,0,0,4
Ipanguaçu,0.722,0.25,0,0,4
Conceição do Castelo,0.644,0.25,0,0,4
Mamanguape,0.707,0.25,0,0,4
Conquista,0.616,0.25,0,0,4
Conceição de Macabu,0.634,0.25,0,0,4
Planalto,0.678,0.5,0,1,4
Glória de Dourados,0.605,0.25,0,0,4
Cambira,0.597,0.25,0.3333333333,0,4
Augustinópolis,0.743,0.25,0,0,4
Dianópolis,0.744,0.25,0,0,4
Pires do Rio,0.619,0.25,0,0,4
Marechal Floriano,0.654,0.25,0,0,4
Novo Mundo,0.687,0.25,0,0,4
Santa Isabel do Ivaí,0.565,0.25,0,0,4
Ampére,0.647,0.25,0,0,4
São Gonçalo do Pará,0.625,0.25,0,0,4
Viseu,0.792,0.25,0,0,4
Águas Formosas,0.663,0.25,0,0,4
Guaraciaba do Norte,0.692,0.25,0,0,4
Ibirá,0.593,0.25,0,0,4
Barra,0.752,0.5,0.5,0,4
Ibicaraí,0.641,0.25,0,0,4
Conchal,0.677,0.5,0.3333333333,0,4
Coronel Vivida,0.609,0.25,0,0,4
Paranaíba,0.624,0.25,0,0,4
Bataguassu,0.69,0.25,0,0,4
Campestre,0.602,0.25,0,0,4
Florânia,0.636,0.25,0,0,4
Cássia,0.6,0.25,0,0,4
Miracema do Tocantins,0.72,0.25,0.3333333333,0,4
Cordeirópolis,0.65,0.25,0,0,4
Califórnia,0.604,0.25,0.3333333333,0,4
Pouso Redondo,0.656,0.25,0,0,4
Comodoro,0.729,0.5,0,1,4
Altinópolis,0.605,0.25,0,0,4
Laranjal do Jari,0.802,0.25,0,0,4
Benevides,0.758,0.25,0,0,4
Fartura,0.6,0.25,0,0,4
Jaciara,0.681,0.25,0,0,4
Petrolândia,0.735,0.25,0,0,4
Barra do Corda,0.732,0.25,0,0,4
Serrana,0.699,0.25,0,0,4
Acopiara,0.643,0.25,0,0,4
Pinhão,0.708,0.25,0,0,4
Pouso Alto,0.564,0.25,0,0,4
Buriti Alegre,0.585,0.25,0,0,4
Pereiras,0.622,0.25,0,0,4
Conceição do Araguaia,0.711,0.25,0.3333333333,0,4
Guaiçara,0.646,0.25,0.3333333333,0,4
Ouro Preto do Oeste,0.696,0.25,0,0,4
Pompéu,0.668,0.25,0,0,4
Cupira,0.679,0.25,0,0,4
São Bentinho,0.641,0.25,0,0,4
Lima Duarte,0.579,0.6666666667,0,1,3
Horizonte,0.763,0.3333333333,0,0,3
Itacaré,0.754,0.3333333333,0,0,3
Santo Antônio do Descoberto,0.761,0.3333333333,0,0,3
Picada Café,0.568,0.3333333333,0,0,3
São Benedito,0.695,0.3333333333,0,0,3
Barra Funda,0.558,0.3333333333,0,0,3
Salesópolis,0.64,0.3333333333,0,0,3
Ilha Comprida,0.55,0.3333333333,0,0,3
Araporã,0.69,0.3333333333,0,0,3
Sertanópolis,0.597,0.3333333333,0,0.5,3
Pequeri,0.591,0.3333333333,0,0,3
Confresa,0.732,0.3333333333,0,0,3
Querência,0.748,0.3333333333,0,0,3
Cambará do Sul,0.626,0.6666666667,0.5,0,3
São Jerônimo da Serra,0.641,0.3333333333,0,0,3
Rio Pomba,0.592,0.3333333333,0,0,3
Capinópolis,0.62,0.3333333333,0,0,3
São Pedro do Butiá,0.518,0.6666666667,0.5,0,3
Pontal,0.728,0.3333333333,0,0,3
Nova Alvorada,0.587,0.3333333333,0,0,3
Bueno Brandão,0.577,0.3333333333,0.5,0,3
Luís Eduardo Magalhães,0.817,0.6666666667,1,0,3
Almeirim,0.781,0.3333333333,0,0,3
Oliveira dos Brejinhos,0.657,0.3333333333,0,0,3
Bela Vista de Minas,0.64,0.3333333333,0,0,3
Jaramataia,0.732,0.3333333333,0,0,3
Aragarças,0.67,0.3333333333,1,0,3
Joaquim Távora,0.614,0.3333333333,0.5,0,3
Alcobaça,0.713,0.3333333333,0,0,3
Tobias Barreto,0.691,0.3333333333,0,0,3
Seridó,0.729,0.3333333333,0,0,3
Carmo do Rio Claro,0.612,0.3333333333,0.5,0,3
Belo Oriente,0.689,0.6666666667,0,0.5,3
Barreirinhas,0.788,0.3333333333,0,0,3
Palma,0.558,0.3333333333,0,0,3
Queimadas,0.673,0.3333333333,0,0,3
Comendador Levy Gasparian,0.607,0.3333333333,0.5,0,3
Alvinópolis,0.602,0.3333333333,0,0,3
Itacarambi,0.721,0.3333333333,0,0,3
Munhoz de Melo,0.57,0.3333333333,0,1,3
Rio Branco do Ivaí,0.679,0.3333333333,0,0,3
Atilio Vivacqua,0.649,0.3333333333,0,1,3
Goianira,0.726,0.3333333333,0,0,3
Presidente Figueiredo,0.766,0.3333333333,0,0,3
Tucano,0.685,0.3333333333,0,0,3
Januária,0.683,0.3333333333,0,0,3
Rio Real,0.717,0.3333333333,0,0,3
Alto Araguaia,0.668,0.3333333333,0,0,3
Brejo Santo,0.7,0.3333333333,0,0,3
Marcação,0.75,0.3333333333,0,0,3
Canas,0.68,0.3333333333,0.5,0,3
Alto Rio Doce,0.59,0.3333333333,0.5,0,3
Ferros,0.591,0.3333333333,0,1,3
Nazaré Paulista,0.623,0.6666666667,0.5,0,3
Itaguara,0.606,0.3333333333,0,0,3
Quijingue,0.683,0.3333333333,0,0,3
Vale do Paraíso,0.688,0.3333333333,0,0,3
Quedas do Iguaçu,0.676,0.6666666667,0.5,0,3
Tibau,0.69,0.3333333333,0,0,3
Tapira,0.561,0.3333333333,0,0,3
Major Isidoro,0.705,0.3333333333,0,0,3
Taguaí,0.676,0.3333333333,0,0,3
Riacho das Almas,0.67,0.3333333333,0,0,3
Central,0.674,0.3333333333,0,0,3
Presidente Kennedy,0.655,0.3333333333,0,0,3
Abre Campo,0.618,0.6666666667,0.5,0,3
Céu Azul,0.617,0.3333333333,0.5,0,3
Maragogi,0.769,0.3333333333,0.5,0,3
Presidente Bernardes,0.55,0.3333333333,0,0,3
Matias Barbosa,0.595,0.3333333333,0,0,3
Rondinha,0.492,0.3333333333,0,0,3
Ascurra,0.611,0.3333333333,0,0,3
Ipameri,0.621,0.3333333333,1,0,3
Mário Campos,0.693,0.3333333333,0,0,3
Pérola,0.58,0.3333333333,0,0,3
Biritiba-Mirim,0.663,0.3333333333,0,0,3
Campina Verde,0.568,0.3333333333,0,0,3
Palmeira dos Índios,0.677,0.3333333333,0,0,3
Tibau do Sul,0.734,0.6666666667,0.5,0,3
Canindé de São Francisco,0.786,0.3333333333,0,0,3
Santa Bárbara,0.668,0.3333333333,0,0,3
Jataizinho,0.648,0.3333333333,0,0,3
Maria Helena,0.586,0.3333333333,0,0,3
Cachoeira,0.7,0.3333333333,0,0,3
Palmeirina,0.686,0.3333333333,0,0,3
Jaguari,0.509,0.3333333333,0,0,3
Pitimbu,0.746,0.3333333333,0,0,3
Ilha de Itamaracá,0.714,0.3333333333,0,0,3
Agudo,0.568,0.3333333333,0,0,3
Meruoca,0.692,0.3333333333,0,0,3
Alto Bela Vista,0.497,0.3333333333,0,0,3
Assaí,0.604,0.3333333333,0,0,3
Mato Grosso,0.662,0.3333333333,0,0,3
Contenda,0.664,0.3333333333,0,0,3
São Brás,0.699,0.3333333333,0,0,3
Mombaça,0.656,0.3333333333,0,0,3
Arroio do Tigre,0.604,0.3333333333,0,0,3
Umbaúba,0.739,0.3333333333,0,0,3
Mostardas,0.572,0.3333333333,0,0,3
Jequitinhonha,0.643,0.3333333333,0,0,3
Santo Cristo,0.529,0.3333333333,0,0,3
Chapada dos Guimarães,0.668,0.6666666667,0,0.5,3
Iperó,0.697,0.3333333333,0,0,3
Triunfo Potiguar,0.714,0.3333333333,0,0,3
Santo Amaro da Imperatriz,0.637,0.3333333333,0,0,3
Presidente Getúlio,0.626,0.3333333333,0,0,3
Viradouro,0.636,0.3333333333,0,0,3
Iranduba,0.774,1,0.5,1,3
Guaraci,0.607,0.3333333333,0,0,3
Vitória do Mearim,0.738,0.3333333333,0,0,3
Itarema,0.755,0.3333333333,0,0,3
Jaguaribe,0.642,0.3333333333,0.5,0,3
Milhã,0.617,0.3333333333,0,0,3
Pão de Açúcar,0.722,0.3333333333,0,0,3
Camocim de São Félix,0.671,0.3333333333,0,0,3
Tarabai,0.659,0.3333333333,0,0,3
Pedralva,0.608,0.3333333333,0,0,3
Ibiúna,0.661,0.3333333333,0,0,3
Santo Antônio das Missões,0.554,0.3333333333,0,0,3
São Gonçalo dos Campos,0.706,0.3333333333,0,0,3
Jardim,0.664,0.3333333333,0,0,3
Primavera,0.733,0.3333333333,0,0,3
Feijó,0.816,0.3333333333,0,0,3
Buritis,0.701,0.3333333333,0,0,3
Senador Pompeu,0.638,0.3333333333,0,0,3
Itiúba,0.696,0.3333333333,0,0,3
Igarapava,0.628,0.3333333333,0,0,3
Caravelas,0.703,0.3333333333,0,0,3
Baturité,0.694,0.3333333333,0,0,3
Santa Maria da Vitória,0.688,0.6666666667,0,0.5,3
Terra Boa,0.613,0.3333333333,0,0,3
Prudentópolis,0.645,0.3333333333,0,0,3
São Domingos do Sul,0.512,0.3333333333,0,0,3
Perdões,0.605,0.3333333333,0,0,3
Espírito Santo,0.694,0.3333333333,0,0,3
Jandaia do Sul,0.583,0.3333333333,0,0,3
Salto do Jacuí,0.632,0.3333333333,0,0,3
Silva Jardim,0.657,0.3333333333,0,0,3
Montalvânia,0.65,0.3333333333,0,0,3
Ubatã,0.69,0.6666666667,0,0.5,3
Nordestina,0.694,0.3333333333,0,0,3
Ipu,0.666,0.3333333333,0,0,3
Neves Paulista,0.537,0.3333333333,0,0,3
Duas Estradas,0.643,0.3333333333,0,0,3
Casa Nova,0.718,0.6666666667,0,0.5,3
Alto do Rodrigues,0.701,0.3333333333,0,0,3
Iepê,0.59,0.5,0,0,2
Progresso,0.565,0.5,0,0,2
Guarani,0.584,1,1,1,2
Canaã,0.601,0.5,1,0,2
Alenquer,0.769,0.5,0,0,2
Serrania,0.635,0.5,1,0,2
Oriximiná,0.78,0.5,0,0,2
Lindóia,0.616,0.5,0,0,2
Barão de Antonina,0.597,1,1,1,2
Santa Isabel do Pará,0.759,0.5,0,0,2
Quatá,0.642,0.5,0,0,2
Delmiro Gouveia,0.709,0.5,0,1,2
Douradina,0.659,0.5,0,1,2
Rubiácea,0.645,0.5,0,0,2
Água Fria de Goiás,0.675,0.5,1,0,2
Vila Bela da Santíssima Trindade,0.742,0.5,0,0,2
São José do Calçado,0.581,0.5,0,0,2
São Thomé das Letras,0.662,0.5,0,0,2
São Sebastião do Anta,0.71,1,0,1,2
Serra do Mel,0.725,0.5,0,0,2
Quixabeira,0.659,0.5,0,0,2
Arara,0.627,0.5,0,1,2
Cardeal da Silva,0.757,0.5,1,0,2
Sooretama,0.744,0.5,0,0,2
Rio Preto da Eva,0.783,0.5,0,0,2
Pureza,0.715,0.5,0,0,2
São Bento Abade,0.705,0.5,0,0,2
Querência do Norte,0.645,0.5,0,0,2
Santa Rosa do Sul,0.614,0.5,0,0,2
Canguaretama,0.741,0.5,0,0,2
Rio Acima,0.667,1,0,1,2
Luís Correia,0.724,1,0,1,2
Tapera,0.584,0.5,0,1,2
Barra de São Miguel,0.759,0.5,0,0,2
Mãe do Rio,0.76,0.5,0,0,2
Dias d'Ávila,0.742,0.5,0,0,2
Porangaba,0.576,0.5,1,0,2
Ouroeste,0.616,0.5,0,0,2
Mamonas,0.58,0.5,0,0,2
São Vendelino,0.569,0.5,0,0,2
Monteiro Lobato,0.602,0.5,0,0,2
Pardinho,0.648,1,1,0,2
Coronel Bicaco,0.584,0.5,0,0,2
Biquinhas,0.513,0.5,0,0,2
Tio Hugo,0.589,0.5,0,0,2
Roseira,0.662,1,1,0,2
Engenheiro Beltrão,0.605,0.5,0,1,2
Pirapó,0.479,0.5,0,0,2
Carandaí,0.623,0.5,0,0,2
Paverama,0.563,0.5,1,0,2
Filadélfia,0.696,0.5,0,0,2
Itaporã,0.695,0.5,0,0,2
Chaves,0.797,0.5,0,0,2
Matinha,0.734,0.5,0,0,2
Lábrea,0.796,0.5,0,0,2
Saboeiro,0.656,1,1,0,2
Laranja da Terra,0.581,0.5,0,0,2
Colorado do Oeste,0.664,0.5,0,0,2
Retirolândia,0.68,0.5,0,0,2
Vazante,0.644,0.5,0,0,2
Afogados da Ingazeira,0.671,0.5,0,0,2
Nova Crixás,0.679,0.5,0,0,2
Alto Alegre do Pindaré,0.761,0.5,0,0,2
Condor,0.589,0.5,0,0,2
Rondon,0.623,0.5,0,0,2
Jaicós,0.691,0.5,0,0,2
Itororó,0.658,0.5,0,0,2
Ipuaçu,0.71,0.5,1,0,2
Pedras Grandes,0.553,0.5,0,0,2
Várzea Alegre,0.641,0.5,0,0,2
Cacequi,0.576,0.5,0,0,2
Ibirapuã,0.656,0.5,0,0,2
Mirangaba,0.697,0.5,0,0,2
Belterra,0.734,0.5,0,0,2
Paraíso,0.607,0.5,1,0,2
Clevelândia,0.634,0.5,0,0,2
Jaguaré,0.717,0.5,0,0,2
Lapão,0.709,0.5,0,0,2
Camamu,0.743,0.5,0,0,2
Indiara,0.69,0.5,0,0,2
Moema,0.627,0.5,0,0,2
Pedregulho,0.649,0.5,0,0,2
Pocinhos,0.685,0.5,0,0,2
Ubiratã,0.59,0.5,0,0,2
Passa Tempo,0.564,0.5,0,0,2
Amambai,0.716,0.5,0,0,2
Afuá,0.82,0.5,0,0,2
Abadia de Goiás,0.684,0.5,0,0,2
Tucunduva,0.507,0.5,0,0,2
Presidente Olegário,0.624,0.5,0,0,2
Sítio Novo do Tocantins,0.716,0.5,0,0,2
Igaraçu do Tietê,0.645,0.5,0,0,2
Marco,0.753,0.5,0,0,2
Passagem Franca,0.719,0.5,0,0,2
Guarantã do Norte,0.688,0.5,0,0,2
Boracéia,0.641,0.5,0,0,2
Paranapanema,0.669,0.5,0,0,2
Santa Brígida,0.71,0.5,0,0,2
Muçum,0.493,0.5,0,0,2
Limoeiro de Anadia,0.72,0.5,0,0,2
Canelinha,0.667,0.5,0,0,2
Minas Novas,0.737,0.5,1,0,2
Mata,0.539,0.5,0,0,2
Brejões,0.691,0.5,0,0,2
Zabelê,0.656,0.5,1,0,2
Pongaí,0.538,0.5,0,0,2
Camapuã,0.634,0.5,0,0,2
Pirapetinga,0.62,0.5,0,0,2
Bodoquena,0.688,0.5,0,0,2
Dores do Indaiá,0.549,0.5,0,0,2
Boca do Acre,0.777,0.5,1,0,2
Tabocas do Brejo Velho,0.682,0.5,1,0,2
Amajari,0.788,0.5,0,0,2
Ubaporanga,0.641,0.5,0,0,2
Periquito,0.677,0.5,0,0,2
Pato Bragado,0.608,0.5,0,0,2
São Pedro da Serra,0.622,0.5,0,0,2
Ibaté,0.691,0.5,0,0,2
Cabrobó,0.733,0.5,0,0,2
Custódia,0.67,0.5,0,0,2
Caririaçu,0.69,0.5,0,0,2
Carlos Chagas,0.619,1,0,1,2
Jundiaí do Sul,0.578,0.5,0,0,2
São João do Oriente,0.622,0.5,0,0,2
Caculé,0.649,1,1,1,2
Papagaios,0.695,0.5,0,0,2
Abelardo Luz,0.678,0.5,1,0,2
Juruaia,0.656,0.5,0,0,2
Rio Piracicaba,0.605,0.5,0,0,2
Sales Oliveira,0.608,0.5,0,0,2
Independência,0.642,0.5,0,0,2
Itambaracá,0.6,0.5,1,0,2
Baldim,0.594,0.5,0,0,2
Bom Jardim de Minas,0.57,0.5,0,0,2
Sumidouro,0.643,0.5,0,0,2
Itaí,0.653,0.5,0,0,2
Alecrim,0.465,0.5,0,0,2
Campinaçu,0.632,0.5,0,0,2
Tabuleiro do Norte,0.652,0.5,0,0,2
Parapuã,0.568,0.5,0,0,2
Saudades,0.609,0.5,1,0,2
Nova Canaã do Norte,0.666,0.5,0,0,2
Cocal,0.722,0.5,0,0,2
Boa Ventura de São Roque,0.69,0.5,0,0,2
Tabira,0.673,0.5,0,0,2
Marilândia do Sul,0.624,0.5,0,0,2
Presidente Dutra,0.722,0.5,1,0,2
Arapoti,0.68,0.5,0,0,2
Novo Oriente,0.658,0.5,0,0,2
Antônio Carlos,0.617,0.5,0,0,2
Baixa Grande,0.675,0.5,0,0,2
Nerópolis,0.692,0.5,0,0,2
Francisco Sá,0.67,0.5,0,0,2
Maruim,0.742,0.5,0,0,2
Chopinzinho,0.627,1,1,0,2
Uruçuí,0.718,0.5,0,0,2
Ipixuna do Pará,0.819,1,0,1,2
Porto Murtinho,0.734,0.5,0,0,2
Junqueiro,0.723,0.5,0,0,2
São João do Itaperiú,0.646,0.5,1,0,2
Boa Vista do Tupim,0.696,0.5,0,0,2
Araci,0.724,0.5,0,0,2
Nepomuceno,0.623,0.5,0,0,2
Concórdia do Pará,0.796,0.5,0,0,2
Rafard,0.633,0.5,0,0,2
Uruará,0.783,0.5,0,0,2
Analândia,0.621,0.5,0,0,2
Lajinha,0.664,0.5,0,0,2
Murici,0.753,0.5,0,0,2
Alhandra,0.74,0.5,0,0,2
Ibicuí,0.659,0.5,0,0,2
Tapurah,0.76,0.5,0,0,2
Simonésia,0.685,0.5,0,0,2
Taquaral,0.615,0.5,0,0,2
Cunha,0.613,0.5,0,0,2
Boa Esperança do Sul,0.661,0.5,0,0,2
Espinosa,0.672,0.5,0,0,2
Ubiretama,0.515,0.5,0,0,2
Jaçanã,0.667,0.5,0,0,2
Formigueiro,0.515,0.5,0,0,2
Itobi,0.625,0.5,0,1,2
Ourilândia do Norte,0.798,0.5,0,0,2
Itapetim,0.627,0.5,0,0,2
Óbidos,0.753,0.5,0,0,2
João Dourado,0.728,0.5,0,0,2
Icapuí,0.69,0.5,0,0,2
Colniza,0.756,0.5,0,0,2
Portalegre,0.634,0.5,0,0,2
Campo Erê,0.649,0.5,0,0,2
Missão Velha,0.703,0.5,0,0,2
Ibipitanga,0.665,0.5,0,0,2
Cerqueira César,0.631,0.5,0,0,2
Nova Soure,0.678,0.5,0,0,2
Professor Jamil,0.595,0.5,0,0,2
Ibotirama,0.704,0.5,0,0,2
Alto Taquari,0.76,0.5,0,0,2
Tanabi,0.57,0.5,0,0,2
